typeA,typeB,scaleType,M_acc,addErr_rel_median,floor_emp_median,H_empirical,offset,source
E2M1,E2M1,UE4M4,9,0.0717818,0.125637510107935,1.750269707752313,-3,main_sweep_off-3
E2M1,E2M1,UE4M4,10,0.03851838,0.125637510107935,3.261754780651082,-2,main_sweep_off-2
E2M1,E2M1,UE4M4,11,0.0308148,0.125637510107935,4.077180773781917,-1,main_sweep_off-1
E2M1,E2M1,UE4M4,12,0.01418252,0.125637510107935,8.858616811958312,0,main_sweep_off0
E2M1,E2M1,UE6M2,9,0.05159224,0.1170223015602271,2.2682151726737803,-3,main_sweep_off-3
E2M1,E2M1,UE6M2,10,0.01771145,0.1170223015602271,6.607155346413032,-2,main_sweep_off-2
E2M1,E2M1,UE6M2,11,0.005431656,0.1170223015602271,21.54449795057476,-1,main_sweep_off-1
E2M1,E2M1,UE6M2,12,0.001441421,0.1170223015602271,81.18537301747865,0,main_sweep_off0
E2M3,E2M3,UE4M4,9,0.08750706,0.0278767724273833,0.3185659811606435,-3,main_sweep_off-3
E2M3,E2M3,UE4M4,10,0.04370687,0.0278767724273833,0.6378121432027345,-2,main_sweep_off-2
E2M3,E2M3,UE4M4,11,0.01673993,0.0278767724273833,1.6652860810877523,-1,main_sweep_off-1
E2M3,E2M3,UE4M4,12,0.008009688,0.0278767724273833,3.480381811049732,0,main_sweep_off0
E2M3,E2M3,UE4M4,13,0.003916777,0.0278767724273833,7.117273316143171,1,plus1_scraped_macc_designrule_validation_gate_proj_l1_shard0_off1.csv
E2M3,E2M3,UE6M2,9,0.08603695,0.0272449075907122,0.3166651954853374,-3,main_sweep_off-3
E2M3,E2M3,UE6M2,10,0.04041945,0.0272449075907122,0.674054386952623,-2,main_sweep_off-2
E2M3,E2M3,UE6M2,11,0.01708773,0.0272449075907122,1.5944135113740796,-1,main_sweep_off-1
E2M3,E2M3,UE6M2,12,0.008516729,0.0272449075907122,3.1989872626817406,0,main_sweep_off0
E3M2,E3M2,UE4M4,9,0.07446456,0.0470860473170358,0.6323282823001412,-3,main_sweep_off-3
E3M2,E3M2,UE4M4,10,0.03078399,0.0470860473170358,1.5295628447461098,-2,main_sweep_off-2
E3M2,E3M2,UE4M4,11,0.01325583,0.0470860473170358,3.55210102400497,-1,main_sweep_off-1
E3M2,E3M2,UE4M4,12,0.00839685,0.0470860473170358,5.607584667707032,0,main_sweep_off0
E3M2,E3M2,UE6M2,9,0.06903288,0.0434213048704748,0.6289945439111738,-3,main_sweep_off-3
E3M2,E3M2,UE6M2,10,0.03402953,0.0434213048704748,1.2759889681248844,-2,main_sweep_off-2
E3M2,E3M2,UE6M2,11,0.01581491,0.0434213048704748,2.7455929164614146,-1,main_sweep_off-1
E3M2,E3M2,UE6M2,12,0.007179059,0.0434213048704748,6.048328182074392,0,main_sweep_off0
E4M3,E2M1,UE4M4,9,0.08714696,0.0214547688372069,0.2461906742037461,-3,main_sweep_off-3
E4M3,E2M1,UE4M4,10,0.03884542,0.0214547688372069,0.5523114137318351,-2,main_sweep_off-2
E4M3,E2M1,UE4M4,11,0.01796325,0.0214547688372069,1.1943701077036115,-1,main_sweep_off-1
E4M3,E2M1,UE4M4,12,0.009331301,0.0214547688372069,2.29922588899521,0,main_sweep_off0
E4M3,E2M1,UE4M4,13,0.007035891,0.0214547688372069,3.04933217942218,1,plus1_scraped_macc_designrule_validation_gate_proj_l1_shard0_off1.csv
E4M3,E2M1,UE4M4,14,0.003654796,0.0214547688372069,5.87030543899219,2,plus2_dedicated
E4M3,E2M1,UE6M2,9,0.06105553,0.0199236022006563,0.3263193719005682,-3,main_sweep_off-3
E4M3,E2M1,UE6M2,10,0.02743521,0.0199236022006563,0.7262055657914154,-2,main_sweep_off-2
E4M3,E2M1,UE6M2,11,0.01289629,0.0199236022006563,1.5449095980825729,-1,main_sweep_off-1
E4M3,E2M1,UE6M2,12,0.005216703,0.0199236022006563,3.819194268996395,0,main_sweep_off0
E4M3,E4M3,UE4M4,9,0.08356437,0.0194489212346091,0.2327417921610502,-3,main_sweep_off-3
E4M3,E4M3,UE4M4,10,0.03635733,0.0194489212346091,0.5349381055927127,-2,main_sweep_off-2
E4M3,E4M3,UE4M4,11,0.01772223,0.0194489212346091,1.0974308106039197,-1,main_sweep_off-1
E4M3,E4M3,UE4M4,12,0.00770366,0.0194489212346091,2.524633905781031,0,main_sweep_off0
E4M3,E4M3,UE4M4,13,0.003502,0.0194489212346091,5.5536611178209885,1,log_scrape_macc_validation_run_gate_proj_l1_off+1_under7.log
E4M3,E4M3,UE6M2,9,0.08469023,0.019531354464913,0.2306211054676909,-3,main_sweep_off-3
E4M3,E4M3,UE6M2,10,0.03744679,0.019531354464913,0.5215762009217079,-2,main_sweep_off-2
E4M3,E4M3,UE6M2,11,0.01683803,0.019531354464913,1.1599548441779115,-1,main_sweep_off-1
E4M3,E4M3,UE6M2,12,0.009088778,0.019531354464913,2.148952748643767,0,main_sweep_off0
E4M3,E4M3,UE6M2,13,0.00394,0.019531354464913,4.957196564698731,1,log_scrape_macc_validation_run_gate_proj_l1_off+1_under7.log
E4M3,INT8,UE4M4,9,0.08480066,0.0233492725262756,0.2753430518851575,-3,main_sweep_off-3
E4M3,INT8,UE4M4,10,0.04111961,0.0233492725262756,0.5678378886929034,-2,main_sweep_off-2
E4M3,INT8,UE4M4,11,0.02087221,0.0233492725262756,1.118677539478359,-1,main_sweep_off-1
E4M3,INT8,UE4M4,12,0.009800279,0.0233492725262756,2.3825110005822894,0,main_sweep_off0
E4M3,INT8,UE4M4,13,0.004812502,0.0233492725262756,4.851794872246412,1,plus1_scraped_macc_designrule_validation_gate_proj_l1_shard0_off1.csv
E4M3,INT8,UE6M2,9,0.08660774,0.0213660218479755,0.2466987575010674,-3,main_sweep_off-3
E4M3,INT8,UE6M2,10,0.04032885,0.0213660218479755,0.5297949693079644,-2,main_sweep_off-2
E4M3,INT8,UE6M2,11,0.01950299,0.0213660218479755,1.095525447532686,-1,main_sweep_off-1
E4M3,INT8,UE6M2,12,0.009454313,0.0213660218479755,2.2599232591490783,0,main_sweep_off0
E4M3,INT8,UE6M2,13,0.004360977,0.0213660218479755,4.8993658641115285,1,plus1_scraped_macc_designrule_validation_gate_proj_l1_off+1_PRESERVED.csv
E5M2,E4M3,UE6M2,10,0.0348304,0.0446778651885416,1.2827261584288898,-3,main_sweep_off-3
E5M2,E4M3,UE6M2,11,0.01660517,0.0446778651885416,2.690599686034025,-2,main_sweep_off-2
E5M2,E4M3,UE6M2,12,0.007729669,0.0446778651885416,5.780048950160945,-1,main_sweep_off-1
E5M2,E4M3,UE6M2,13,0.003396338,0.0446778651885416,13.15471698886907,0,main_sweep_off0
E5M2,E5M2,UE6M2,12,0.006739531,0.0431869009577292,6.407997968661203,-3,main_sweep_off-3
E5M2,E5M2,UE6M2,13,0.002948246,0.0431869009577292,14.648336996888728,-2,main_sweep_off-2
E5M2,E5M2,UE6M2,14,0.001172484,0.0431869009577292,36.83368042355308,-1,main_sweep_off-1
E5M2,E5M2,UE6M2,15,0.0003979444,0.0431869009577292,108.52496217494004,0,main_sweep_off0
E5M2,INT8,UE6M2,9,0.08757439,0.0446716651248527,0.5100996435699147,-3,main_sweep_off-3
E5M2,INT8,UE6M2,10,0.04190689,0.0446716651248527,1.0659742377650236,-2,main_sweep_off-2
E5M2,INT8,UE6M2,11,0.01986268,0.0446716651248527,2.2490250623205275,-1,main_sweep_off-1
E5M2,INT8,UE6M2,12,0.009337991,0.0446716651248527,4.783862516557651,0,main_sweep_off0
INT8,INT8,UE4M4,14,0.002626792,0.0084620538272403,3.22144038326609,-3,main_sweep_off-3
INT8,INT8,UE4M4,15,0.001229595,0.0084620538272403,6.881984578044234,-2,main_sweep_off-2
INT8,INT8,UE4M4,16,0.0006056639,0.0084620538272403,13.97153409215953,-1,main_sweep_off-1
INT8,INT8,UE4M4,17,0.0002950574,0.0084620538272403,28.679347907357343,0,main_sweep_off0
INT8,INT8,UE6M2,14,0.00222825,0.0081948090227911,3.6776883306590817,-3,main_sweep_off-3
INT8,INT8,UE6M2,15,0.0009881864,0.0081948090227911,8.29277656805548,-2,main_sweep_off-2
INT8,INT8,UE6M2,16,0.0003793006,0.0081948090227911,21.60505156804682,-1,main_sweep_off-1
INT8,INT8,UE6M2,17,0.0001499402,0.0081948090227911,54.6538488196701,0,main_sweep_off0
INT8,INT8,UE8M0,17,1.614975e-05,0.0089868963746787,556.4727859365703,2,widen
E3M2,E3M2,UE8M0,12,0.001926667,0.0455978695224111,23.666710190401933,-3,widen
E4M3,E4M3,UE8M0,12,0.004018308,0.0182023563801743,4.529855944386121,-3,widen
E5M2,E5M2,UE8M0,15,0.0001111786,0.0449946448912983,404.70598560603946,0,widen
E5M2,E4M3,UE8M0,13,0.001032464,0.0427146900324261,41.37160233424726,-2,widen
E4M3,INT8,UE8M0,12,0.005381311,0.0227443227475688,4.226539359566619,-3,widen
E5M2,INT8,UE8M0,12,0.004374945,0.0430075076247534,9.83041103939671,-3,widen
E4M3,E2M1,UE8M0,12,0.001170614,0.0187063766932564,15.979970078314816,-3,widen
E2M1,E2M1,UE8M0,12,0.0,0.1200333338894725,1000000000000.0,-3,widen
E2M3,E2M3,UE8M0,12,0.001471103,0.0279576545550704,19.00455274380546,-3,widen
INT8,INT8,UE8M0,16,7.440015e-05,0.0089868963746787,120.79137440823416,1,widen
E3M2,E3M2,UE8M0,11,0.005351402,0.0455978695224111,8.520733355933851,-4,widen
E4M3,E4M3,UE8M0,11,0.01032839,0.0182023563801743,1.7623614503494058,-4,widen
E5M2,E5M2,UE8M0,14,0.0002957695,0.0449946448912983,152.12739951651108,-1,widen
E5M2,E4M3,UE8M0,12,0.003169973,0.0427146900324261,13.474780394793944,-3,widen
E4M3,INT8,UE8M0,11,0.01367404,0.0227443227475688,1.6633213554713018,-4,widen
E5M2,INT8,UE8M0,11,0.01282719,0.0430075076247534,3.35283936893064,-4,widen
E4M3,E2M1,UE8M0,11,0.003181841,0.0187063766932564,5.879104799157596,-4,widen
E2M1,E2M1,UE8M0,11,0.0002137209,0.1200333338894725,561.635918103815,-4,widen
E2M3,E2M3,UE8M0,11,0.004044128,0.0279576545550704,6.913147792322698,-4,widen
INT8,INT8,UE8M0,15,0.0001907593,0.0089868963746787,47.11118343734088,0,widen
E3M2,E3M2,UE8M0,10,0.01784624,0.0455978695224111,2.555040698904145,-5,widen
E4M3,E4M3,UE8M0,10,0.02547326,0.0182023563801743,0.7145672120558696,-5,widen
E5M2,E5M2,UE8M0,13,0.0007301868,0.0449946448912983,61.62073169673636,-2,widen
E5M2,E4M3,UE8M0,11,0.009322196,0.0427146900324261,4.582041616849304,-4,widen
E4M3,INT8,UE8M0,10,0.03636098,0.0227443227475688,0.6255145693974364,-5,widen
E5M2,INT8,UE8M0,10,0.03524915,0.0430075076247534,1.2201005591554237,-5,widen
E4M3,E2M1,UE8M0,10,0.009182734,0.0187063766932564,2.037124966622838,-5,widen
E2M1,E2M1,UE8M0,10,0.00166113,0.1200333338894725,72.2600482138503,-5,widen
E2M3,E2M3,UE8M0,10,0.01529011,0.0279576545550704,1.8284796221263548,-5,widen
INT8,INT8,UE8M0,14,0.0004955832,0.0089868963746787,18.133981084666924,-1,widen
E3M2,E3M2,UE8M0,9,0.04649279,0.0455978695224111,0.980751413765685,-6,widen
E4M3,E4M3,UE8M0,9,0.05983907,0.0182023563801743,0.3041884905660182,-6,widen
E5M2,E5M2,UE8M0,12,0.002243062,0.0449946448912983,20.05947445558721,-3,widen
E5M2,E4M3,UE8M0,10,0.02255633,0.0427146900324261,1.893689710712076,-5,widen
E4M3,INT8,UE8M0,9,0.0820149,0.0227443227475688,0.2773193986405982,-6,widen
E5M2,INT8,UE8M0,9,0.08631483,0.0430075076247534,0.4982632489081355,-6,widen
E4M3,E2M1,UE8M0,9,0.03395874,0.0187063766932564,0.5508560297954637,-6,widen
E2M1,E2M1,UE8M0,9,0.007407407,0.1200333338894725,16.204500966326357,-6,widen
E2M3,E2M3,UE8M0,9,0.04669044,0.0279576545550704,0.5987875581183301,-6,widen
E2M1,E2M1,UE8M0,8,0.02171,0.1200333338894725,5.528942141385193,-7,widen
E2M1,E2M1,UE8M0,7,0.05621,0.1200333338894725,2.1354444741055416,-8,widen
E5M2,E5M2,UE8M0,11,0.006479,0.0449946448912983,6.944689750161802,-4,widen
E5M2,E5M2,UE8M0,10,0.02049,0.0449946448912983,2.195931912703675,-5,widen
INT8,INT8,UE8M0,13,0.002056,0.0089868963746787,4.371058547995477,-2,widen
INT8,INT8,UE8M0,12,0.008271,0.0089868963746787,1.0865549963340226,-3,widen
E5M2,E5M2,UE6M2,11,0.01545,0.0431869009577292,2.7952686704031846,-4,e5m2_ext
E5M2,E5M2,UE6M2,10,0.0304,0.0431869009577292,1.4206217420305658,-5,e5m2_ext
E5M2,E5M2,UE4M4,15,0.0001328253,0.0418272720270325,314.904404710793,0,resweep_fixed_widening
E5M2,E4M3,UE4M4,13,0.0008345107,0.0435443156217437,52.179457521328004,0,resweep_fixed_widening
E5M2,INT8,UE4M4,12,0.00815717,0.0389355198339074,4.773165182766499,0,resweep_fixed_widening
E5M2,E5M2,UE4M4,14,0.0003003531,0.0418272720270325,139.2603306808969,-1,resweep_fixed_widening
E5M2,E4M3,UE4M4,12,0.001750839,0.0435443156217437,24.8705424209443,-1,resweep_fixed_widening
E5M2,INT8,UE4M4,11,0.01685653,0.0389355198339074,2.309818203029176,-1,resweep_fixed_widening
E5M2,E5M2,UE4M4,13,0.000840637,0.0418272720270325,49.75663934258485,-2,resweep_fixed_widening
E5M2,E4M3,UE4M4,11,0.004568404,0.0435443156217437,9.5316254039143,-2,resweep_fixed_widening
E5M2,INT8,UE4M4,10,0.03710726,0.0389355198339074,1.0492695993697028,-2,resweep_fixed_widening
E5M2,E5M2,UE4M4,12,0.001784932,0.0418272720270325,23.433538099508834,-3,resweep_fixed_widening
E5M2,E4M3,UE4M4,10,0.007903174,0.0435443156217437,5.509725032214107,-3,resweep_fixed_widening
E5M2,INT8,UE4M4,9,0.08067713,0.0389355198339074,0.4826091338884688,-3,resweep_fixed_widening
E5M2,E5M2,UE4M4,11,0.004098409,0.0418272720270325,10.20573398775781,-4,resweep_fixed_widening
E5M2,E4M3,UE4M4,9,0.02716011,0.0435443156217437,1.6032451864791304,-4,resweep_fixed_widening
E5M2,INT8,UE4M4,8,0.1649148,0.0389355198339074,0.2360947582261107,-4,resweep_fixed_widening
E5M2,E5M2,UE4M4,10,0.009074944,0.0418272720270325,4.60909422989635,-5,resweep_fixed_widening
E5M2,E4M3,UE4M4,8,0.09092328,0.0435443156217437,0.4789127231413528,-5,resweep_fixed_widening
E5M2,INT8,UE4M4,7,0.3739947,0.0389355198339074,0.10410714332023262,-5,resweep_fixed_widening
E5M2,E5M2,UE4M4,9,0.01789357,0.0418272720270325,2.3375588005653705,-6,resweep_fixed_widening
E5M2,E4M3,UE4M4,7,0.3255515,0.0435443156217437,0.13375553674839066,-6,resweep_fixed_widening
E5M2,INT8,UE4M4,6,0.8943904,0.0389355198339074,0.04353302521349447,-6,resweep_fixed_widening
E5M2,E5M2,UE4M4,8,0.05862,0.0418272720270325,0.7135324467252218,-7,resweep_fixed_widening
E5M2,E4M3,UE4M4,6,0.9091737,0.0435443156217437,0.04789438544223584,-7,resweep_fixed_widening
E5M2,INT8,UE4M4,5,1.640984,0.0389355198339074,0.023726934469749494,-7,resweep_fixed_widening
