config,module,is_top,area_um2,area_mm2
E4M3_E2M1_UE2M6_vec16,BFP_PE,True,19405.134,0.019405133999999997
E4M3_E2M1_UE2M6_vec16,FP32Adder,False,618.534,0.000618534
E4M3_E2M1_UE2M6_vec16,ScaleAddition_E4M3_to_E2M1_scale_UE2M6,False,353.556,0.000353556
E4M3_E2M1_UE2M6_vec16,ScaleToFP32_E4M3_x_E2M1_UE2M6,False,211.176,0.00021117599999999999
E4M3_E2M1_UE2M6_vec16,CustomOperator_E4M3_to_E2M1,False,23.31,2.331e-05
E4M3_E2M1_UE2M6_vec32,BFP_PE,True,38710.35,0.03871035
E4M3_E2M1_UE2M6_vec32,FP32Adder,False,618.534,0.000618534
E4M3_E2M1_UE2M6_vec32,ScaleAddition_E4M3_to_E2M1_scale_UE2M6,False,353.556,0.000353556
E4M3_E2M1_UE2M6_vec32,ScaleToFP32_E4M3_x_E2M1_UE2M6,False,211.176,0.00021117599999999999
E4M3_E2M1_UE2M6_vec32,CustomOperator_E4M3_to_E2M1,False,23.31,2.331e-05
E4M3_E2M1_UE2M6_vec4,BFP_PE,True,4926.222,0.004926221999999999
E4M3_E2M1_UE2M6_vec4,FP32Adder,False,618.534,0.000618534
E4M3_E2M1_UE2M6_vec4,ScaleAddition_E4M3_to_E2M1_scale_UE2M6,False,353.556,0.000353556
E4M3_E2M1_UE2M6_vec4,ScaleToFP32_E4M3_x_E2M1_UE2M6,False,211.176,0.00021117599999999999
E4M3_E2M1_UE2M6_vec4,CustomOperator_E4M3_to_E2M1,False,23.31,2.331e-05
E4M3_E2M1_UE4M4_vec16,BFP_PE,True,17752.014,0.017752014
E4M3_E2M1_UE4M4_vec16,FP32Adder,False,618.534,0.000618534
E4M3_E2M1_UE4M4_vec16,ScaleAddition_E4M3_to_E2M1_scale_UE4M4,False,243.558,0.00024355799999999997
E4M3_E2M1_UE4M4_vec16,ScaleToFP32_E4M3_x_E2M1_UE4M4,False,217.854,0.000217854
E4M3_E2M1_UE4M4_vec16,CustomOperator_E4M3_to_E2M1,False,23.31,2.331e-05
E4M3_E2M1_UE4M4_vec32,BFP_PE,True,35404.11,0.035404109999999996
E4M3_E2M1_UE4M4_vec32,FP32Adder,False,618.534,0.000618534
E4M3_E2M1_UE4M4_vec32,ScaleAddition_E4M3_to_E2M1_scale_UE4M4,False,243.558,0.00024355799999999997
E4M3_E2M1_UE4M4_vec32,ScaleToFP32_E4M3_x_E2M1_UE4M4,False,217.854,0.000217854
E4M3_E2M1_UE4M4_vec32,CustomOperator_E4M3_to_E2M1,False,23.31,2.331e-05
E4M3_E2M1_UE4M4_vec4,BFP_PE,True,4512.942,0.004512942
E4M3_E2M1_UE4M4_vec4,FP32Adder,False,618.534,0.000618534
E4M3_E2M1_UE4M4_vec4,ScaleAddition_E4M3_to_E2M1_scale_UE4M4,False,243.558,0.00024355799999999997
E4M3_E2M1_UE4M4_vec4,ScaleToFP32_E4M3_x_E2M1_UE4M4,False,217.854,0.000217854
E4M3_E2M1_UE4M4_vec4,CustomOperator_E4M3_to_E2M1,False,23.31,2.331e-05
E4M3_E2M1_UE6M2_vec16,BFP_PE,True,16334.766,0.016334766
E4M3_E2M1_UE6M2_vec16,FP32Adder,False,618.534,0.000618534
E4M3_E2M1_UE6M2_vec16,ScaleToFP32_E4M3_x_E2M1_UE6M2,False,223.398,0.00022339799999999998
E4M3_E2M1_UE6M2_vec16,ScaleAddition_E4M3_to_E2M1_scale_UE6M2,False,149.436,0.000149436
E4M3_E2M1_UE6M2_vec16,CustomOperator_E4M3_to_E2M1,False,23.31,2.331e-05
E4M3_E2M1_UE6M2_vec32,BFP_PE,True,32569.614,0.032569614
E4M3_E2M1_UE6M2_vec32,FP32Adder,False,618.534,0.000618534
E4M3_E2M1_UE6M2_vec32,ScaleToFP32_E4M3_x_E2M1_UE6M2,False,223.398,0.00022339799999999998
E4M3_E2M1_UE6M2_vec32,ScaleAddition_E4M3_to_E2M1_scale_UE6M2,False,149.436,0.000149436
E4M3_E2M1_UE6M2_vec32,CustomOperator_E4M3_to_E2M1,False,23.31,2.331e-05
E4M3_E2M1_UE6M2_vec4,BFP_PE,True,4158.63,0.00415863
E4M3_E2M1_UE6M2_vec4,FP32Adder,False,618.534,0.000618534
E4M3_E2M1_UE6M2_vec4,ScaleToFP32_E4M3_x_E2M1_UE6M2,False,223.398,0.00022339799999999998
E4M3_E2M1_UE6M2_vec4,ScaleAddition_E4M3_to_E2M1_scale_UE6M2,False,149.436,0.000149436
E4M3_E2M1_UE6M2_vec4,CustomOperator_E4M3_to_E2M1,False,23.31,2.331e-05
E4M3_E2M1_UE8M0_vec16,BFP_PE,True,15238.062,0.015238061999999998
E4M3_E2M1_UE8M0_vec16,FP32Adder,False,618.534,0.000618534
E4M3_E2M1_UE8M0_vec16,ScaleToFP32_E4M3_x_E2M1_UE8M0,False,229.572,0.000229572
E4M3_E2M1_UE8M0_vec16,ScaleAddition_E4M3_to_E2M1_scale_UE8M0,False,74.718,7.4718e-05
E4M3_E2M1_UE8M0_vec16,CustomOperator_E4M3_to_E2M1,False,23.31,2.331e-05
E4M3_E2M1_UE8M0_vec32,BFP_PE,True,30376.206,0.030376205999999996
E4M3_E2M1_UE8M0_vec32,FP32Adder,False,618.534,0.000618534
E4M3_E2M1_UE8M0_vec32,ScaleToFP32_E4M3_x_E2M1_UE8M0,False,229.572,0.000229572
E4M3_E2M1_UE8M0_vec32,ScaleAddition_E4M3_to_E2M1_scale_UE8M0,False,74.718,7.4718e-05
E4M3_E2M1_UE8M0_vec32,CustomOperator_E4M3_to_E2M1,False,23.31,2.331e-05
E4M3_E2M1_UE8M0_vec4,BFP_PE,True,3884.454,0.003884454
E4M3_E2M1_UE8M0_vec4,FP32Adder,False,618.534,0.000618534
E4M3_E2M1_UE8M0_vec4,ScaleToFP32_E4M3_x_E2M1_UE8M0,False,229.572,0.000229572
E4M3_E2M1_UE8M0_vec4,ScaleAddition_E4M3_to_E2M1_scale_UE8M0,False,74.718,7.4718e-05
E4M3_E2M1_UE8M0_vec4,CustomOperator_E4M3_to_E2M1,False,23.31,2.331e-05
E4M3_E2M3_UE2M6_vec16,BFP_PE,True,21096.558,0.021096558
E4M3_E2M3_UE2M6_vec16,FP32Adder,False,618.534,0.000618534
E4M3_E2M3_UE2M6_vec16,ScaleAddition_E4M3_to_E2M3_scale_UE2M6,False,438.858,0.000438858
E4M3_E2M3_UE2M6_vec16,ScaleToFP32_E4M3_x_E2M3_UE2M6,False,208.656,0.000208656
E4M3_E2M3_UE2M6_vec16,CustomOperator_E4M3_to_E2M3,False,46.242,4.6241999999999995e-05
E4M3_E2M3_UE2M6_vec32,BFP_PE,True,42093.198,0.04209319799999999
E4M3_E2M3_UE2M6_vec32,FP32Adder,False,618.534,0.000618534
E4M3_E2M3_UE2M6_vec32,ScaleAddition_E4M3_to_E2M3_scale_UE2M6,False,438.858,0.000438858
E4M3_E2M3_UE2M6_vec32,ScaleToFP32_E4M3_x_E2M3_UE2M6,False,208.656,0.000208656
E4M3_E2M3_UE2M6_vec32,CustomOperator_E4M3_to_E2M3,False,46.242,4.6241999999999995e-05
E4M3_E2M3_UE2M6_vec4,BFP_PE,True,5349.078,0.005349078
E4M3_E2M3_UE2M6_vec4,FP32Adder,False,618.534,0.000618534
E4M3_E2M3_UE2M6_vec4,ScaleAddition_E4M3_to_E2M3_scale_UE2M6,False,438.858,0.000438858
E4M3_E2M3_UE2M6_vec4,ScaleToFP32_E4M3_x_E2M3_UE2M6,False,208.656,0.000208656
E4M3_E2M3_UE2M6_vec4,CustomOperator_E4M3_to_E2M3,False,46.242,4.6241999999999995e-05
E4M3_E2M3_UE4M4_vec16,BFP_PE,True,19130.958,0.019130957999999997
E4M3_E2M3_UE4M4_vec16,FP32Adder,False,618.534,0.000618534
E4M3_E2M3_UE4M4_vec16,ScaleAddition_E4M3_to_E2M3_scale_UE4M4,False,308.196,0.000308196
E4M3_E2M3_UE4M4_vec16,ScaleToFP32_E4M3_x_E2M3_UE4M4,False,216.468,0.000216468
E4M3_E2M3_UE4M4_vec16,CustomOperator_E4M3_to_E2M3,False,46.242,4.6241999999999995e-05
E4M3_E2M3_UE4M4_vec32,BFP_PE,True,38161.998,0.038161997999999996
E4M3_E2M3_UE4M4_vec32,FP32Adder,False,618.534,0.000618534
E4M3_E2M3_UE4M4_vec32,ScaleAddition_E4M3_to_E2M3_scale_UE4M4,False,308.196,0.000308196
E4M3_E2M3_UE4M4_vec32,ScaleToFP32_E4M3_x_E2M3_UE4M4,False,216.468,0.000216468
E4M3_E2M3_UE4M4_vec32,CustomOperator_E4M3_to_E2M3,False,46.242,4.6241999999999995e-05
E4M3_E2M3_UE4M4_vec4,BFP_PE,True,4857.678,0.004857678
E4M3_E2M3_UE4M4_vec4,FP32Adder,False,618.534,0.000618534
E4M3_E2M3_UE4M4_vec4,ScaleAddition_E4M3_to_E2M3_scale_UE4M4,False,308.196,0.000308196
E4M3_E2M3_UE4M4_vec4,ScaleToFP32_E4M3_x_E2M3_UE4M4,False,216.468,0.000216468
E4M3_E2M3_UE4M4_vec4,CustomOperator_E4M3_to_E2M3,False,46.242,4.6241999999999995e-05
E4M3_E2M3_UE6M2_vec16,BFP_PE,True,17266.158,0.017266158
E4M3_E2M3_UE6M2_vec16,FP32Adder,False,618.534,0.000618534
E4M3_E2M3_UE6M2_vec16,ScaleToFP32_E4M3_x_E2M3_UE6M2,False,223.02,0.00022302
E4M3_E2M3_UE6M2_vec16,ScaleAddition_E4M3_to_E2M3_scale_UE6M2,False,185.094,0.000185094
E4M3_E2M3_UE6M2_vec16,CustomOperator_E4M3_to_E2M3,False,46.242,4.6241999999999995e-05
E4M3_E2M3_UE6M2_vec32,BFP_PE,True,34432.398,0.034432398
E4M3_E2M3_UE6M2_vec32,FP32Adder,False,618.534,0.000618534
E4M3_E2M3_UE6M2_vec32,ScaleToFP32_E4M3_x_E2M3_UE6M2,False,223.02,0.00022302
E4M3_E2M3_UE6M2_vec32,ScaleAddition_E4M3_to_E2M3_scale_UE6M2,False,185.094,0.000185094
E4M3_E2M3_UE6M2_vec32,CustomOperator_E4M3_to_E2M3,False,46.242,4.6241999999999995e-05
E4M3_E2M3_UE6M2_vec4,BFP_PE,True,4391.478,0.004391478
E4M3_E2M3_UE6M2_vec4,FP32Adder,False,618.534,0.000618534
E4M3_E2M3_UE6M2_vec4,ScaleToFP32_E4M3_x_E2M3_UE6M2,False,223.02,0.00022302
E4M3_E2M3_UE6M2_vec4,ScaleAddition_E4M3_to_E2M3_scale_UE6M2,False,185.094,0.000185094
E4M3_E2M3_UE6M2_vec4,CustomOperator_E4M3_to_E2M3,False,46.242,4.6241999999999995e-05
E4M3_E2M3_UE8M0_vec16,BFP_PE,True,15596.91,0.015596909999999999
E4M3_E2M3_UE8M0_vec16,FP32Adder,False,618.534,0.000618534
E4M3_E2M3_UE8M0_vec16,ScaleToFP32_E4M3_x_E2M3_UE8M0,False,229.068,0.000229068
E4M3_E2M3_UE8M0_vec16,ScaleAddition_E4M3_to_E2M3_scale_UE8M0,False,74.718,7.4718e-05
E4M3_E2M3_UE8M0_vec16,CustomOperator_E4M3_to_E2M3,False,46.242,4.6241999999999995e-05
E4M3_E2M3_UE8M0_vec32,BFP_PE,True,31093.902,0.031093901999999996
E4M3_E2M3_UE8M0_vec32,FP32Adder,False,618.534,0.000618534
E4M3_E2M3_UE8M0_vec32,ScaleToFP32_E4M3_x_E2M3_UE8M0,False,229.068,0.000229068
E4M3_E2M3_UE8M0_vec32,ScaleAddition_E4M3_to_E2M3_scale_UE8M0,False,74.718,7.4718e-05
E4M3_E2M3_UE8M0_vec32,CustomOperator_E4M3_to_E2M3,False,46.242,4.6241999999999995e-05
E4M3_E2M3_UE8M0_vec4,BFP_PE,True,3974.166,0.003974166
E4M3_E2M3_UE8M0_vec4,FP32Adder,False,618.534,0.000618534
E4M3_E2M3_UE8M0_vec4,ScaleToFP32_E4M3_x_E2M3_UE8M0,False,229.068,0.000229068
E4M3_E2M3_UE8M0_vec4,ScaleAddition_E4M3_to_E2M3_scale_UE8M0,False,74.718,7.4718e-05
E4M3_E2M3_UE8M0_vec4,CustomOperator_E4M3_to_E2M3,False,46.242,4.6241999999999995e-05
E4M3_E3M2_UE2M6_vec16,BFP_PE,True,20413.134,0.020413133999999996
E4M3_E3M2_UE2M6_vec16,FP32Adder,False,618.534,0.000618534
E4M3_E3M2_UE2M6_vec16,ScaleAddition_E4M3_to_E3M2_scale_UE2M6,False,396.144,0.00039614399999999997
E4M3_E3M2_UE2M6_vec16,ScaleToFP32_E4M3_x_E3M2_UE2M6,False,212.814,0.00021281399999999997
E4M3_E3M2_UE2M6_vec16,CustomOperator_E4M3_to_E3M2,False,42.084,4.2084e-05
E4M3_E3M2_UE2M6_vec32,BFP_PE,True,40726.35,0.040726349999999995
E4M3_E3M2_UE2M6_vec32,FP32Adder,False,618.534,0.000618534
E4M3_E3M2_UE2M6_vec32,ScaleAddition_E4M3_to_E3M2_scale_UE2M6,False,396.144,0.00039614399999999997
E4M3_E3M2_UE2M6_vec32,ScaleToFP32_E4M3_x_E3M2_UE2M6,False,212.814,0.00021281399999999997
E4M3_E3M2_UE2M6_vec32,CustomOperator_E4M3_to_E3M2,False,42.084,4.2084e-05
E4M3_E3M2_UE2M6_vec4,BFP_PE,True,5178.222,0.005178222
E4M3_E3M2_UE2M6_vec4,FP32Adder,False,618.534,0.000618534
E4M3_E3M2_UE2M6_vec4,ScaleAddition_E4M3_to_E3M2_scale_UE2M6,False,396.144,0.00039614399999999997
E4M3_E3M2_UE2M6_vec4,ScaleToFP32_E4M3_x_E3M2_UE2M6,False,212.814,0.00021281399999999997
E4M3_E3M2_UE2M6_vec4,CustomOperator_E4M3_to_E3M2,False,42.084,4.2084e-05
E4M3_E3M2_UE4M4_vec16,BFP_PE,True,18483.822,0.018483822
E4M3_E3M2_UE4M4_vec16,FP32Adder,False,618.534,0.000618534
E4M3_E3M2_UE4M4_vec16,ScaleAddition_E4M3_to_E3M2_scale_UE4M4,False,270.9,0.00027089999999999997
E4M3_E3M2_UE4M4_vec16,ScaleToFP32_E4M3_x_E3M2_UE4M4,False,217.476,0.00021747599999999998
E4M3_E3M2_UE4M4_vec16,CustomOperator_E4M3_to_E3M2,False,42.084,4.2084e-05
E4M3_E3M2_UE4M4_vec32,BFP_PE,True,36867.726,0.036867726
E4M3_E3M2_UE4M4_vec32,FP32Adder,False,618.534,0.000618534
E4M3_E3M2_UE4M4_vec32,ScaleAddition_E4M3_to_E3M2_scale_UE4M4,False,270.9,0.00027089999999999997
E4M3_E3M2_UE4M4_vec32,ScaleToFP32_E4M3_x_E3M2_UE4M4,False,217.476,0.00021747599999999998
E4M3_E3M2_UE4M4_vec32,CustomOperator_E4M3_to_E3M2,False,42.084,4.2084e-05
E4M3_E3M2_UE4M4_vec4,BFP_PE,True,4695.894,0.004695894
E4M3_E3M2_UE4M4_vec4,FP32Adder,False,618.534,0.000618534
E4M3_E3M2_UE4M4_vec4,ScaleAddition_E4M3_to_E3M2_scale_UE4M4,False,270.9,0.00027089999999999997
E4M3_E3M2_UE4M4_vec4,ScaleToFP32_E4M3_x_E3M2_UE4M4,False,217.476,0.00021747599999999998
E4M3_E3M2_UE4M4_vec4,CustomOperator_E4M3_to_E3M2,False,42.084,4.2084e-05
E4M3_E3M2_UE6M2_vec16,BFP_PE,True,16985.934,0.016985934
E4M3_E3M2_UE6M2_vec16,FP32Adder,False,618.534,0.000618534
E4M3_E3M2_UE6M2_vec16,ScaleToFP32_E4M3_x_E3M2_UE6M2,False,223.524,0.00022352399999999998
E4M3_E3M2_UE6M2_vec16,ScaleAddition_E4M3_to_E3M2_scale_UE6M2,False,171.234,0.000171234
E4M3_E3M2_UE6M2_vec16,CustomOperator_E4M3_to_E3M2,False,42.084,4.2084e-05
E4M3_E3M2_UE6M2_vec32,BFP_PE,True,33871.95,0.03387195
E4M3_E3M2_UE6M2_vec32,FP32Adder,False,618.534,0.000618534
E4M3_E3M2_UE6M2_vec32,ScaleToFP32_E4M3_x_E3M2_UE6M2,False,223.524,0.00022352399999999998
E4M3_E3M2_UE6M2_vec32,ScaleAddition_E4M3_to_E3M2_scale_UE6M2,False,171.234,0.000171234
E4M3_E3M2_UE6M2_vec32,CustomOperator_E4M3_to_E3M2,False,42.084,4.2084e-05
E4M3_E3M2_UE6M2_vec4,BFP_PE,True,4321.422,0.004321421999999999
E4M3_E3M2_UE6M2_vec4,FP32Adder,False,618.534,0.000618534
E4M3_E3M2_UE6M2_vec4,ScaleToFP32_E4M3_x_E3M2_UE6M2,False,223.524,0.00022352399999999998
E4M3_E3M2_UE6M2_vec4,ScaleAddition_E4M3_to_E3M2_scale_UE6M2,False,171.234,0.000171234
E4M3_E3M2_UE6M2_vec4,CustomOperator_E4M3_to_E3M2,False,42.084,4.2084e-05
E4M3_E3M2_UE8M0_vec16,BFP_PE,True,15516.27,0.01551627
E4M3_E3M2_UE8M0_vec16,FP32Adder,False,618.534,0.000618534
E4M3_E3M2_UE8M0_vec16,ScaleToFP32_E4M3_x_E3M2_UE8M0,False,228.186,0.000228186
E4M3_E3M2_UE8M0_vec16,ScaleAddition_E4M3_to_E3M2_scale_UE8M0,False,74.718,7.4718e-05
E4M3_E3M2_UE8M0_vec16,CustomOperator_E4M3_to_E3M2,False,42.084,4.2084e-05
E4M3_E3M2_UE8M0_vec32,BFP_PE,True,30932.622,0.030932621999999996
E4M3_E3M2_UE8M0_vec32,FP32Adder,False,618.534,0.000618534
E4M3_E3M2_UE8M0_vec32,ScaleToFP32_E4M3_x_E3M2_UE8M0,False,228.186,0.000228186
E4M3_E3M2_UE8M0_vec32,ScaleAddition_E4M3_to_E3M2_scale_UE8M0,False,74.718,7.4718e-05
E4M3_E3M2_UE8M0_vec32,CustomOperator_E4M3_to_E3M2,False,42.084,4.2084e-05
E4M3_E3M2_UE8M0_vec4,BFP_PE,True,3954.006,0.0039540059999999995
E4M3_E3M2_UE8M0_vec4,FP32Adder,False,618.534,0.000618534
E4M3_E3M2_UE8M0_vec4,ScaleToFP32_E4M3_x_E3M2_UE8M0,False,228.186,0.000228186
E4M3_E3M2_UE8M0_vec4,ScaleAddition_E4M3_to_E3M2_scale_UE8M0,False,74.718,7.4718e-05
E4M3_E3M2_UE8M0_vec4,CustomOperator_E4M3_to_E3M2,False,42.084,4.2084e-05
E4M3_E4M3_UE2M6_vec16,BFP_PE,True,21308.238,0.021308238
E4M3_E4M3_UE2M6_vec16,FP32Adder,False,615.132,0.0006151319999999999
E4M3_E4M3_UE2M6_vec16,ScaleAddition_E4M3_to_E4M3_scale_UE2M6,False,443.394,0.000443394
E4M3_E4M3_UE2M6_vec16,ScaleToFP32_E4M3_x_E4M3_UE2M6,False,208.656,0.000208656
E4M3_E4M3_UE2M6_vec16,CustomOperator_E4M3_to_E4M3,False,58.338,5.8337999999999996e-05
E4M3_E4M3_UE2M6_vec32,BFP_PE,True,42516.558,0.042516557999999996
E4M3_E4M3_UE2M6_vec32,FP32Adder,False,615.132,0.0006151319999999999
E4M3_E4M3_UE2M6_vec32,ScaleAddition_E4M3_to_E4M3_scale_UE2M6,False,443.394,0.000443394
E4M3_E4M3_UE2M6_vec32,ScaleToFP32_E4M3_x_E4M3_UE2M6,False,208.656,0.000208656
E4M3_E4M3_UE2M6_vec32,CustomOperator_E4M3_to_E4M3,False,58.338,5.8337999999999996e-05
E4M3_E4M3_UE2M6_vec4,BFP_PE,True,5401.998,0.005401997999999999
E4M3_E4M3_UE2M6_vec4,FP32Adder,False,615.132,0.0006151319999999999
E4M3_E4M3_UE2M6_vec4,ScaleAddition_E4M3_to_E4M3_scale_UE2M6,False,443.394,0.000443394
E4M3_E4M3_UE2M6_vec4,ScaleToFP32_E4M3_x_E4M3_UE2M6,False,208.656,0.000208656
E4M3_E4M3_UE2M6_vec4,CustomOperator_E4M3_to_E4M3,False,58.338,5.8337999999999996e-05
E4M3_E4M3_UE4M4_vec16,BFP_PE,True,19284.174,0.019284173999999998
E4M3_E4M3_UE4M4_vec16,FP32Adder,False,618.534,0.000618534
E4M3_E4M3_UE4M4_vec16,ScaleAddition_E4M3_to_E4M3_scale_UE4M4,False,305.802,0.000305802
E4M3_E4M3_UE4M4_vec16,ScaleToFP32_E4M3_x_E4M3_UE4M4,False,216.468,0.000216468
E4M3_E4M3_UE4M4_vec16,CustomOperator_E4M3_to_E4M3,False,58.212,5.8212e-05
E4M3_E4M3_UE4M4_vec32,BFP_PE,True,38468.43,0.03846843
E4M3_E4M3_UE4M4_vec32,FP32Adder,False,618.534,0.000618534
E4M3_E4M3_UE4M4_vec32,ScaleAddition_E4M3_to_E4M3_scale_UE4M4,False,305.802,0.000305802
E4M3_E4M3_UE4M4_vec32,ScaleToFP32_E4M3_x_E4M3_UE4M4,False,216.468,0.000216468
E4M3_E4M3_UE4M4_vec32,CustomOperator_E4M3_to_E4M3,False,58.212,5.8212e-05
E4M3_E4M3_UE4M4_vec4,BFP_PE,True,4895.982,0.004895982
E4M3_E4M3_UE4M4_vec4,FP32Adder,False,618.534,0.000618534
E4M3_E4M3_UE4M4_vec4,ScaleAddition_E4M3_to_E4M3_scale_UE4M4,False,305.802,0.000305802
E4M3_E4M3_UE4M4_vec4,ScaleToFP32_E4M3_x_E4M3_UE4M4,False,216.468,0.000216468
E4M3_E4M3_UE4M4_vec4,CustomOperator_E4M3_to_E4M3,False,58.212,5.8212e-05
E4M3_E4M3_UE6M2_vec16,BFP_PE,True,17479.854,0.017479854
E4M3_E4M3_UE6M2_vec16,FP32Adder,False,618.534,0.000618534
E4M3_E4M3_UE6M2_vec16,ScaleToFP32_E4M3_x_E4M3_UE6M2,False,224.406,0.000224406
E4M3_E4M3_UE6M2_vec16,ScaleAddition_E4M3_to_E4M3_scale_UE6M2,False,185.094,0.000185094
E4M3_E4M3_UE6M2_vec16,CustomOperator_E4M3_to_E4M3,False,58.212,5.8212e-05
E4M3_E4M3_UE6M2_vec32,BFP_PE,True,34859.79,0.03485979
E4M3_E4M3_UE6M2_vec32,FP32Adder,False,618.534,0.000618534
E4M3_E4M3_UE6M2_vec32,ScaleToFP32_E4M3_x_E4M3_UE6M2,False,224.406,0.000224406
E4M3_E4M3_UE6M2_vec32,ScaleAddition_E4M3_to_E4M3_scale_UE6M2,False,185.094,0.000185094
E4M3_E4M3_UE6M2_vec32,CustomOperator_E4M3_to_E4M3,False,58.212,5.8212e-05
E4M3_E4M3_UE6M2_vec4,BFP_PE,True,4444.902,0.004444902
E4M3_E4M3_UE6M2_vec4,FP32Adder,False,618.534,0.000618534
E4M3_E4M3_UE6M2_vec4,ScaleToFP32_E4M3_x_E4M3_UE6M2,False,224.406,0.000224406
E4M3_E4M3_UE6M2_vec4,ScaleAddition_E4M3_to_E4M3_scale_UE6M2,False,185.094,0.000185094
E4M3_E4M3_UE6M2_vec4,CustomOperator_E4M3_to_E4M3,False,58.212,5.8212e-05
E4M3_E4M3_UE8M0_vec16,BFP_PE,True,15790.446,0.015790446
E4M3_E4M3_UE8M0_vec16,FP32Adder,False,618.534,0.000618534
E4M3_E4M3_UE8M0_vec16,ScaleToFP32_E4M3_x_E4M3_UE8M0,False,229.068,0.000229068
E4M3_E4M3_UE8M0_vec16,ScaleAddition_E4M3_to_E4M3_scale_UE8M0,False,74.718,7.4718e-05
E4M3_E4M3_UE8M0_vec16,CustomOperator_E4M3_to_E4M3,False,58.338,5.8337999999999996e-05
E4M3_E4M3_UE8M0_vec32,BFP_PE,True,31480.974,0.031480973999999995
E4M3_E4M3_UE8M0_vec32,FP32Adder,False,618.534,0.000618534
E4M3_E4M3_UE8M0_vec32,ScaleToFP32_E4M3_x_E4M3_UE8M0,False,229.068,0.000229068
E4M3_E4M3_UE8M0_vec32,ScaleAddition_E4M3_to_E4M3_scale_UE8M0,False,74.718,7.4718e-05
E4M3_E4M3_UE8M0_vec32,CustomOperator_E4M3_to_E4M3,False,58.338,5.8337999999999996e-05
E4M3_E4M3_UE8M0_vec4,BFP_PE,True,4022.55,0.00402255
E4M3_E4M3_UE8M0_vec4,FP32Adder,False,618.534,0.000618534
E4M3_E4M3_UE8M0_vec4,ScaleToFP32_E4M3_x_E4M3_UE8M0,False,229.068,0.000229068
E4M3_E4M3_UE8M0_vec4,ScaleAddition_E4M3_to_E4M3_scale_UE8M0,False,74.718,7.4718e-05
E4M3_E4M3_UE8M0_vec4,CustomOperator_E4M3_to_E4M3,False,58.338,5.8337999999999996e-05
E5M2_E2M1_UE2M6_vec16,BFP_PE,True,18695.502,0.018695502
E5M2_E2M1_UE2M6_vec16,FP32Adder,False,618.534,0.000618534
E5M2_E2M1_UE2M6_vec16,ScaleAddition_E5M2_to_E2M1_scale_UE2M6,False,310.212,0.000310212
E5M2_E2M1_UE2M6_vec16,ScaleToFP32_E5M2_x_E2M1_UE2M6,False,212.562,0.00021256200000000002
E5M2_E2M1_UE2M6_vec16,CustomOperator_E5M2_to_E2M1,False,20.916,2.0916e-05
E5M2_E2M1_UE2M6_vec32,BFP_PE,True,37291.086,0.037291086
E5M2_E2M1_UE2M6_vec32,FP32Adder,False,618.534,0.000618534
E5M2_E2M1_UE2M6_vec32,ScaleAddition_E5M2_to_E2M1_scale_UE2M6,False,310.212,0.000310212
E5M2_E2M1_UE2M6_vec32,ScaleToFP32_E5M2_x_E2M1_UE2M6,False,212.562,0.00021256200000000002
E5M2_E2M1_UE2M6_vec32,CustomOperator_E5M2_to_E2M1,False,20.916,2.0916e-05
E5M2_E2M1_UE2M6_vec4,BFP_PE,True,4748.814,0.0047488140000000005
E5M2_E2M1_UE2M6_vec4,FP32Adder,False,618.534,0.000618534
E5M2_E2M1_UE2M6_vec4,ScaleAddition_E5M2_to_E2M1_scale_UE2M6,False,310.212,0.000310212
E5M2_E2M1_UE2M6_vec4,ScaleToFP32_E5M2_x_E2M1_UE2M6,False,212.562,0.00021256200000000002
E5M2_E2M1_UE2M6_vec4,CustomOperator_E5M2_to_E2M1,False,20.916,2.0916e-05
E5M2_E2M1_UE4M4_vec16,BFP_PE,True,17221.806,0.017221806
E5M2_E2M1_UE4M4_vec16,FP32Adder,False,618.534,0.000618534
E5M2_E2M1_UE4M4_vec16,ScaleAddition_E5M2_to_E2M1_scale_UE4M4,False,217.224,0.000217224
E5M2_E2M1_UE4M4_vec16,ScaleToFP32_E5M2_x_E2M1_UE4M4,False,213.444,0.00021344399999999997
E5M2_E2M1_UE4M4_vec16,CustomOperator_E5M2_to_E2M1,False,20.916,2.0916e-05
E5M2_E2M1_UE4M4_vec32,BFP_PE,True,34343.694,0.034343694
E5M2_E2M1_UE4M4_vec32,FP32Adder,False,618.534,0.000618534
E5M2_E2M1_UE4M4_vec32,ScaleAddition_E5M2_to_E2M1_scale_UE4M4,False,217.224,0.000217224
E5M2_E2M1_UE4M4_vec32,ScaleToFP32_E5M2_x_E2M1_UE4M4,False,213.444,0.00021344399999999997
E5M2_E2M1_UE4M4_vec32,CustomOperator_E5M2_to_E2M1,False,20.916,2.0916e-05
E5M2_E2M1_UE4M4_vec4,BFP_PE,True,4380.39,0.0043803900000000005
E5M2_E2M1_UE4M4_vec4,FP32Adder,False,618.534,0.000618534
E5M2_E2M1_UE4M4_vec4,ScaleAddition_E5M2_to_E2M1_scale_UE4M4,False,217.224,0.000217224
E5M2_E2M1_UE4M4_vec4,ScaleToFP32_E5M2_x_E2M1_UE4M4,False,213.444,0.00021344399999999997
E5M2_E2M1_UE4M4_vec4,CustomOperator_E5M2_to_E2M1,False,20.916,2.0916e-05
E5M2_E2M1_UE6M2_vec16,BFP_PE,True,16022.286,0.016022286
E5M2_E2M1_UE6M2_vec16,FP32Adder,False,618.534,0.000618534
E5M2_E2M1_UE6M2_vec16,ScaleToFP32_E5M2_x_E2M1_UE6M2,False,221.886,0.000221886
E5M2_E2M1_UE6M2_vec16,ScaleAddition_E5M2_to_E2M1_scale_UE6M2,False,133.812,0.000133812
E5M2_E2M1_UE6M2_vec16,CustomOperator_E5M2_to_E2M1,False,20.916,2.0916e-05
E5M2_E2M1_UE6M2_vec32,BFP_PE,True,31944.654,0.031944653999999996
E5M2_E2M1_UE6M2_vec32,FP32Adder,False,618.534,0.000618534
E5M2_E2M1_UE6M2_vec32,ScaleToFP32_E5M2_x_E2M1_UE6M2,False,221.886,0.000221886
E5M2_E2M1_UE6M2_vec32,ScaleAddition_E5M2_to_E2M1_scale_UE6M2,False,133.812,0.000133812
E5M2_E2M1_UE6M2_vec32,CustomOperator_E5M2_to_E2M1,False,20.916,2.0916e-05
E5M2_E2M1_UE6M2_vec4,BFP_PE,True,4080.51,0.00408051
E5M2_E2M1_UE6M2_vec4,FP32Adder,False,618.534,0.000618534
E5M2_E2M1_UE6M2_vec4,ScaleToFP32_E5M2_x_E2M1_UE6M2,False,221.886,0.000221886
E5M2_E2M1_UE6M2_vec4,ScaleAddition_E5M2_to_E2M1_scale_UE6M2,False,133.812,0.000133812
E5M2_E2M1_UE6M2_vec4,CustomOperator_E5M2_to_E2M1,False,20.916,2.0916e-05
E5M2_E2M1_UE8M0_vec16,BFP_PE,True,15159.438,0.015159437999999999
E5M2_E2M1_UE8M0_vec16,FP32Adder,False,618.534,0.000618534
E5M2_E2M1_UE8M0_vec16,ScaleToFP32_E5M2_x_E2M1_UE8M0,False,227.052,0.000227052
E5M2_E2M1_UE8M0_vec16,ScaleAddition_E5M2_to_E2M1_scale_UE8M0,False,74.718,7.4718e-05
E5M2_E2M1_UE8M0_vec16,CustomOperator_E5M2_to_E2M1,False,20.916,2.0916e-05
E5M2_E2M1_UE8M0_vec32,BFP_PE,True,30218.958,0.030218957999999997
E5M2_E2M1_UE8M0_vec32,FP32Adder,False,618.534,0.000618534
E5M2_E2M1_UE8M0_vec32,ScaleToFP32_E5M2_x_E2M1_UE8M0,False,227.052,0.000227052
E5M2_E2M1_UE8M0_vec32,ScaleAddition_E5M2_to_E2M1_scale_UE8M0,False,74.718,7.4718e-05
E5M2_E2M1_UE8M0_vec32,CustomOperator_E5M2_to_E2M1,False,20.916,2.0916e-05
E5M2_E2M1_UE8M0_vec4,BFP_PE,True,3864.798,0.0038647979999999996
E5M2_E2M1_UE8M0_vec4,FP32Adder,False,618.534,0.000618534
E5M2_E2M1_UE8M0_vec4,ScaleToFP32_E5M2_x_E2M1_UE8M0,False,227.052,0.000227052
E5M2_E2M1_UE8M0_vec4,ScaleAddition_E5M2_to_E2M1_scale_UE8M0,False,74.718,7.4718e-05
E5M2_E2M1_UE8M0_vec4,CustomOperator_E5M2_to_E2M1,False,20.916,2.0916e-05
E5M2_E2M3_UE2M6_vec16,BFP_PE,True,20171.214,0.020171214
E5M2_E2M3_UE2M6_vec16,FP32Adder,False,618.534,0.000618534
E5M2_E2M3_UE2M6_vec16,ScaleAddition_E5M2_to_E2M3_scale_UE2M6,False,390.978,0.000390978
E5M2_E2M3_UE2M6_vec16,ScaleToFP32_E5M2_x_E2M3_UE2M6,False,212.814,0.00021281399999999997
E5M2_E2M3_UE2M6_vec16,CustomOperator_E5M2_to_E2M3,False,32.13,3.213e-05
E5M2_E2M3_UE2M6_vec32,BFP_PE,True,40242.51,0.04024251
E5M2_E2M3_UE2M6_vec32,FP32Adder,False,618.534,0.000618534
E5M2_E2M3_UE2M6_vec32,ScaleAddition_E5M2_to_E2M3_scale_UE2M6,False,390.978,0.000390978
E5M2_E2M3_UE2M6_vec32,ScaleToFP32_E5M2_x_E2M3_UE2M6,False,212.814,0.00021281399999999997
E5M2_E2M3_UE2M6_vec32,CustomOperator_E5M2_to_E2M3,False,32.13,3.213e-05
E5M2_E2M3_UE2M6_vec4,BFP_PE,True,5117.742,0.005117742
E5M2_E2M3_UE2M6_vec4,FP32Adder,False,618.534,0.000618534
E5M2_E2M3_UE2M6_vec4,ScaleAddition_E5M2_to_E2M3_scale_UE2M6,False,390.978,0.000390978
E5M2_E2M3_UE2M6_vec4,ScaleToFP32_E5M2_x_E2M3_UE2M6,False,212.814,0.00021281399999999997
E5M2_E2M3_UE2M6_vec4,CustomOperator_E5M2_to_E2M3,False,32.13,3.213e-05
E5M2_E2M3_UE4M4_vec16,BFP_PE,True,18268.11,0.01826811
E5M2_E2M3_UE4M4_vec16,FP32Adder,False,618.534,0.000618534
E5M2_E2M3_UE4M4_vec16,ScaleAddition_E5M2_to_E2M3_scale_UE4M4,False,272.538,0.000272538
E5M2_E2M3_UE4M4_vec16,ScaleToFP32_E5M2_x_E2M3_UE4M4,False,212.31,0.00021231
E5M2_E2M3_UE4M4_vec16,CustomOperator_E5M2_to_E2M3,False,32.13,3.213e-05
E5M2_E2M3_UE4M4_vec32,BFP_PE,True,36436.302,0.036436302000000004
E5M2_E2M3_UE4M4_vec32,FP32Adder,False,618.534,0.000618534
E5M2_E2M3_UE4M4_vec32,ScaleAddition_E5M2_to_E2M3_scale_UE4M4,False,272.538,0.000272538
E5M2_E2M3_UE4M4_vec32,ScaleToFP32_E5M2_x_E2M3_UE4M4,False,212.31,0.00021231
E5M2_E2M3_UE4M4_vec32,CustomOperator_E5M2_to_E2M3,False,32.13,3.213e-05
E5M2_E2M3_UE4M4_vec4,BFP_PE,True,4641.966,0.004641966
E5M2_E2M3_UE4M4_vec4,FP32Adder,False,618.534,0.000618534
E5M2_E2M3_UE4M4_vec4,ScaleAddition_E5M2_to_E2M3_scale_UE4M4,False,272.538,0.000272538
E5M2_E2M3_UE4M4_vec4,ScaleToFP32_E5M2_x_E2M3_UE4M4,False,212.31,0.00021231
E5M2_E2M3_UE4M4_vec4,CustomOperator_E5M2_to_E2M3,False,32.13,3.213e-05
E5M2_E2M3_UE6M2_vec16,BFP_PE,True,16824.654,0.016824653999999998
E5M2_E2M3_UE6M2_vec16,FP32Adder,False,618.534,0.000618534
E5M2_E2M3_UE6M2_vec16,ScaleToFP32_E5M2_x_E2M3_UE6M2,False,223.524,0.00022352399999999998
E5M2_E2M3_UE6M2_vec16,ScaleAddition_E5M2_to_E2M3_scale_UE6M2,False,171.108,0.000171108
E5M2_E2M3_UE6M2_vec16,CustomOperator_E5M2_to_E2M3,False,32.13,3.213e-05
E5M2_E2M3_UE6M2_vec32,BFP_PE,True,33549.39,0.03354939
E5M2_E2M3_UE6M2_vec32,FP32Adder,False,618.534,0.000618534
E5M2_E2M3_UE6M2_vec32,ScaleToFP32_E5M2_x_E2M3_UE6M2,False,223.524,0.00022352399999999998
E5M2_E2M3_UE6M2_vec32,ScaleAddition_E5M2_to_E2M3_scale_UE6M2,False,171.108,0.000171108
E5M2_E2M3_UE6M2_vec32,CustomOperator_E5M2_to_E2M3,False,32.13,3.213e-05
E5M2_E2M3_UE6M2_vec4,BFP_PE,True,4281.102,0.004281101999999999
E5M2_E2M3_UE6M2_vec4,FP32Adder,False,618.534,0.000618534
E5M2_E2M3_UE6M2_vec4,ScaleToFP32_E5M2_x_E2M3_UE6M2,False,223.524,0.00022352399999999998
E5M2_E2M3_UE6M2_vec4,ScaleAddition_E5M2_to_E2M3_scale_UE6M2,False,171.108,0.000171108
E5M2_E2M3_UE6M2_vec4,CustomOperator_E5M2_to_E2M3,False,32.13,3.213e-05
E5M2_E2M3_UE8M0_vec16,BFP_PE,True,15357.006,0.015357006
E5M2_E2M3_UE8M0_vec16,FP32Adder,False,618.534,0.000618534
E5M2_E2M3_UE8M0_vec16,ScaleToFP32_E5M2_x_E2M3_UE8M0,False,228.186,0.000228186
E5M2_E2M3_UE8M0_vec16,ScaleAddition_E5M2_to_E2M3_scale_UE8M0,False,74.718,7.4718e-05
E5M2_E2M3_UE8M0_vec16,CustomOperator_E5M2_to_E2M3,False,32.13,3.213e-05
E5M2_E2M3_UE8M0_vec32,BFP_PE,True,30614.094,0.030614093999999998
E5M2_E2M3_UE8M0_vec32,FP32Adder,False,618.534,0.000618534
E5M2_E2M3_UE8M0_vec32,ScaleToFP32_E5M2_x_E2M3_UE8M0,False,228.186,0.000228186
E5M2_E2M3_UE8M0_vec32,ScaleAddition_E5M2_to_E2M3_scale_UE8M0,False,74.718,7.4718e-05
E5M2_E2M3_UE8M0_vec32,CustomOperator_E5M2_to_E2M3,False,32.13,3.213e-05
E5M2_E2M3_UE8M0_vec4,BFP_PE,True,3914.19,0.00391419
E5M2_E2M3_UE8M0_vec4,FP32Adder,False,618.534,0.000618534
E5M2_E2M3_UE8M0_vec4,ScaleToFP32_E5M2_x_E2M3_UE8M0,False,228.186,0.000228186
E5M2_E2M3_UE8M0_vec4,ScaleAddition_E5M2_to_E2M3_scale_UE8M0,False,74.718,7.4718e-05
E5M2_E2M3_UE8M0_vec4,CustomOperator_E5M2_to_E2M3,False,32.13,3.213e-05
E5M2_E3M2_UE2M6_vec16,BFP_PE,True,19794.222,0.019794222
E5M2_E3M2_UE2M6_vec16,FP32Adder,False,618.534,0.000618534
E5M2_E3M2_UE2M6_vec16,ScaleAddition_E5M2_to_E3M2_scale_UE2M6,False,353.304,0.000353304
E5M2_E3M2_UE2M6_vec16,ScaleToFP32_E5M2_x_E3M2_UE2M6,False,219.492,0.00021949199999999998
E5M2_E3M2_UE2M6_vec16,CustomOperator_E5M2_to_E3M2,False,39.564,3.9563999999999996e-05
E5M2_E3M2_UE2M6_vec32,BFP_PE,True,39488.526,0.039488525999999996
E5M2_E3M2_UE2M6_vec32,FP32Adder,False,618.534,0.000618534
E5M2_E3M2_UE2M6_vec32,ScaleAddition_E5M2_to_E3M2_scale_UE2M6,False,353.304,0.000353304
E5M2_E3M2_UE2M6_vec32,ScaleToFP32_E5M2_x_E3M2_UE2M6,False,219.492,0.00021949199999999998
E5M2_E3M2_UE2M6_vec32,CustomOperator_E5M2_to_E3M2,False,39.564,3.9563999999999996e-05
E5M2_E3M2_UE2M6_vec4,BFP_PE,True,5023.494,0.005023494
E5M2_E3M2_UE2M6_vec4,FP32Adder,False,618.534,0.000618534
E5M2_E3M2_UE2M6_vec4,ScaleAddition_E5M2_to_E3M2_scale_UE2M6,False,353.304,0.000353304
E5M2_E3M2_UE2M6_vec4,ScaleToFP32_E5M2_x_E3M2_UE2M6,False,219.492,0.00021949199999999998
E5M2_E3M2_UE2M6_vec4,CustomOperator_E5M2_to_E3M2,False,39.564,3.9563999999999996e-05
E5M2_E3M2_UE4M4_vec16,BFP_PE,True,18098.766,0.018098766
E5M2_E3M2_UE4M4_vec16,FP32Adder,False,618.534,0.000618534
E5M2_E3M2_UE4M4_vec16,ScaleAddition_E5M2_to_E3M2_scale_UE4M4,False,246.204,0.000246204
E5M2_E3M2_UE4M4_vec16,ScaleToFP32_E5M2_x_E3M2_UE4M4,False,219.996,0.000219996
E5M2_E3M2_UE4M4_vec16,CustomOperator_E5M2_to_E3M2,False,40.194,4.0194e-05
E5M2_E3M2_UE4M4_vec32,BFP_PE,True,36097.614,0.036097614
E5M2_E3M2_UE4M4_vec32,FP32Adder,False,618.534,0.000618534
E5M2_E3M2_UE4M4_vec32,ScaleAddition_E5M2_to_E3M2_scale_UE4M4,False,246.204,0.000246204
E5M2_E3M2_UE4M4_vec32,ScaleToFP32_E5M2_x_E3M2_UE4M4,False,219.996,0.000219996
E5M2_E3M2_UE4M4_vec32,CustomOperator_E5M2_to_E3M2,False,40.194,4.0194e-05
E5M2_E3M2_UE4M4_vec4,BFP_PE,True,4599.63,0.0045996299999999995
E5M2_E3M2_UE4M4_vec4,FP32Adder,False,618.534,0.000618534
E5M2_E3M2_UE4M4_vec4,ScaleAddition_E5M2_to_E3M2_scale_UE4M4,False,246.204,0.000246204
E5M2_E3M2_UE4M4_vec4,ScaleToFP32_E5M2_x_E3M2_UE4M4,False,219.996,0.000219996
E5M2_E3M2_UE4M4_vec4,CustomOperator_E5M2_to_E3M2,False,40.194,4.0194e-05
E5M2_E3M2_UE6M2_vec16,BFP_PE,True,16602.894,0.016602894
E5M2_E3M2_UE6M2_vec16,FP32Adder,False,618.534,0.000618534
E5M2_E3M2_UE6M2_vec16,ScaleToFP32_E5M2_x_E3M2_UE6M2,False,223.398,0.00022339799999999998
E5M2_E3M2_UE6M2_vec16,ScaleAddition_E5M2_to_E3M2_scale_UE6M2,False,149.31,0.00014931
E5M2_E3M2_UE6M2_vec16,CustomOperator_E5M2_to_E3M2,False,40.194,4.0194e-05
E5M2_E3M2_UE6M2_vec32,BFP_PE,True,33105.87,0.03310587
E5M2_E3M2_UE6M2_vec32,FP32Adder,False,618.534,0.000618534
E5M2_E3M2_UE6M2_vec32,ScaleToFP32_E5M2_x_E3M2_UE6M2,False,223.398,0.00022339799999999998
E5M2_E3M2_UE6M2_vec32,ScaleAddition_E5M2_to_E3M2_scale_UE6M2,False,149.31,0.00014931
E5M2_E3M2_UE6M2_vec32,CustomOperator_E5M2_to_E3M2,False,40.194,4.0194e-05
E5M2_E3M2_UE6M2_vec4,BFP_PE,True,4225.662,0.004225662
E5M2_E3M2_UE6M2_vec4,FP32Adder,False,618.534,0.000618534
E5M2_E3M2_UE6M2_vec4,ScaleToFP32_E5M2_x_E3M2_UE6M2,False,223.398,0.00022339799999999998
E5M2_E3M2_UE6M2_vec4,ScaleAddition_E5M2_to_E3M2_scale_UE6M2,False,149.31,0.00014931
E5M2_E3M2_UE6M2_vec4,CustomOperator_E5M2_to_E3M2,False,40.194,4.0194e-05
E5M2_E3M2_UE8M0_vec16,BFP_PE,True,15498.126,0.015498126
E5M2_E3M2_UE8M0_vec16,FP32Adder,False,618.534,0.000618534
E5M2_E3M2_UE8M0_vec16,ScaleToFP32_E5M2_x_E3M2_UE8M0,False,229.572,0.000229572
E5M2_E3M2_UE8M0_vec16,ScaleAddition_E5M2_to_E3M2_scale_UE8M0,False,74.718,7.4718e-05
E5M2_E3M2_UE8M0_vec16,CustomOperator_E5M2_to_E3M2,False,39.564,3.9563999999999996e-05
E5M2_E3M2_UE8M0_vec32,BFP_PE,True,30896.334,0.030896333999999998
E5M2_E3M2_UE8M0_vec32,FP32Adder,False,618.534,0.000618534
E5M2_E3M2_UE8M0_vec32,ScaleToFP32_E5M2_x_E3M2_UE8M0,False,229.572,0.000229572
E5M2_E3M2_UE8M0_vec32,ScaleAddition_E5M2_to_E3M2_scale_UE8M0,False,74.718,7.4718e-05
E5M2_E3M2_UE8M0_vec32,CustomOperator_E5M2_to_E3M2,False,39.564,3.9563999999999996e-05
E5M2_E3M2_UE8M0_vec4,BFP_PE,True,3949.47,0.003949469999999999
E5M2_E3M2_UE8M0_vec4,FP32Adder,False,618.534,0.000618534
E5M2_E3M2_UE8M0_vec4,ScaleToFP32_E5M2_x_E3M2_UE8M0,False,229.572,0.000229572
E5M2_E3M2_UE8M0_vec4,ScaleAddition_E5M2_to_E3M2_scale_UE8M0,False,74.718,7.4718e-05
E5M2_E3M2_UE8M0_vec4,CustomOperator_E5M2_to_E3M2,False,39.564,3.9563999999999996e-05
E5M2_E4M3_UE2M6_vec16,BFP_PE,True,20437.326,0.020437326
E5M2_E4M3_UE2M6_vec16,FP32Adder,False,618.534,0.000618534
E5M2_E4M3_UE2M6_vec16,ScaleAddition_E5M2_to_E4M3_scale_UE2M6,False,392.112,0.000392112
E5M2_E4M3_UE2M6_vec16,ScaleToFP32_E5M2_x_E4M3_UE2M6,False,212.814,0.00021281399999999997
E5M2_E4M3_UE2M6_vec16,CustomOperator_E5M2_to_E4M3,False,47.628,4.7628e-05
E5M2_E4M3_UE2M6_vec32,BFP_PE,True,40774.734,0.04077473399999999
E5M2_E4M3_UE2M6_vec32,FP32Adder,False,618.534,0.000618534
E5M2_E4M3_UE2M6_vec32,ScaleAddition_E5M2_to_E4M3_scale_UE2M6,False,392.112,0.000392112
E5M2_E4M3_UE2M6_vec32,ScaleToFP32_E5M2_x_E4M3_UE2M6,False,212.814,0.00021281399999999997
E5M2_E4M3_UE2M6_vec32,CustomOperator_E5M2_to_E4M3,False,47.628,4.7628e-05
E5M2_E4M3_UE2M6_vec4,BFP_PE,True,5184.27,0.00518427
E5M2_E4M3_UE2M6_vec4,FP32Adder,False,618.534,0.000618534
E5M2_E4M3_UE2M6_vec4,ScaleAddition_E5M2_to_E4M3_scale_UE2M6,False,392.112,0.000392112
E5M2_E4M3_UE2M6_vec4,ScaleToFP32_E5M2_x_E4M3_UE2M6,False,212.814,0.00021281399999999997
E5M2_E4M3_UE2M6_vec4,CustomOperator_E5M2_to_E4M3,False,47.628,4.7628e-05
E5M2_E4M3_UE4M4_vec16,BFP_PE,True,18503.982,0.018503982
E5M2_E4M3_UE4M4_vec16,FP32Adder,False,618.534,0.000618534
E5M2_E4M3_UE4M4_vec16,ScaleAddition_E5M2_to_E4M3_scale_UE4M4,False,272.538,0.000272538
E5M2_E4M3_UE4M4_vec16,ScaleToFP32_E5M2_x_E4M3_UE4M4,False,211.554,0.000211554
E5M2_E4M3_UE4M4_vec16,CustomOperator_E5M2_to_E4M3,False,47.628,4.7628e-05
E5M2_E4M3_UE4M4_vec32,BFP_PE,True,36908.046,0.036908046
E5M2_E4M3_UE4M4_vec32,FP32Adder,False,618.534,0.000618534
E5M2_E4M3_UE4M4_vec32,ScaleAddition_E5M2_to_E4M3_scale_UE4M4,False,272.538,0.000272538
E5M2_E4M3_UE4M4_vec32,ScaleToFP32_E5M2_x_E4M3_UE4M4,False,211.554,0.000211554
E5M2_E4M3_UE4M4_vec32,CustomOperator_E5M2_to_E4M3,False,47.628,4.7628e-05
E5M2_E4M3_UE4M4_vec4,BFP_PE,True,4700.934,0.004700934
E5M2_E4M3_UE4M4_vec4,FP32Adder,False,618.534,0.000618534
E5M2_E4M3_UE4M4_vec4,ScaleAddition_E5M2_to_E4M3_scale_UE4M4,False,272.538,0.000272538
E5M2_E4M3_UE4M4_vec4,ScaleToFP32_E5M2_x_E4M3_UE4M4,False,211.554,0.000211554
E5M2_E4M3_UE4M4_vec4,CustomOperator_E5M2_to_E4M3,False,47.628,4.7628e-05
E5M2_E4M3_UE6M2_vec16,BFP_PE,True,17072.622,0.017072622
E5M2_E4M3_UE6M2_vec16,FP32Adder,False,618.534,0.000618534
E5M2_E4M3_UE6M2_vec16,ScaleToFP32_E5M2_x_E4M3_UE6M2,False,223.524,0.00022352399999999998
E5M2_E4M3_UE6M2_vec16,ScaleAddition_E5M2_to_E4M3_scale_UE6M2,False,171.108,0.000171108
E5M2_E4M3_UE6M2_vec16,CustomOperator_E5M2_to_E4M3,False,47.628,4.7628e-05
E5M2_E4M3_UE6M2_vec32,BFP_PE,True,34045.326,0.034045326
E5M2_E4M3_UE6M2_vec32,FP32Adder,False,618.534,0.000618534
E5M2_E4M3_UE6M2_vec32,ScaleToFP32_E5M2_x_E4M3_UE6M2,False,223.524,0.00022352399999999998
E5M2_E4M3_UE6M2_vec32,ScaleAddition_E5M2_to_E4M3_scale_UE6M2,False,171.108,0.000171108
E5M2_E4M3_UE6M2_vec32,CustomOperator_E5M2_to_E4M3,False,47.628,4.7628e-05
E5M2_E4M3_UE6M2_vec4,BFP_PE,True,4343.094,0.004343094
E5M2_E4M3_UE6M2_vec4,FP32Adder,False,618.534,0.000618534
E5M2_E4M3_UE6M2_vec4,ScaleToFP32_E5M2_x_E4M3_UE6M2,False,223.524,0.00022352399999999998
E5M2_E4M3_UE6M2_vec4,ScaleAddition_E5M2_to_E4M3_scale_UE6M2,False,171.108,0.000171108
E5M2_E4M3_UE6M2_vec4,CustomOperator_E5M2_to_E4M3,False,47.628,4.7628e-05
E5M2_E4M3_UE8M0_vec16,BFP_PE,True,15604.974,0.015604973999999999
E5M2_E4M3_UE8M0_vec16,FP32Adder,False,618.534,0.000618534
E5M2_E4M3_UE8M0_vec16,ScaleToFP32_E5M2_x_E4M3_UE8M0,False,228.186,0.000228186
E5M2_E4M3_UE8M0_vec16,ScaleAddition_E5M2_to_E4M3_scale_UE8M0,False,74.718,7.4718e-05
E5M2_E4M3_UE8M0_vec16,CustomOperator_E5M2_to_E4M3,False,47.628,4.7628e-05
E5M2_E4M3_UE8M0_vec32,BFP_PE,True,31110.03,0.031110029999999997
E5M2_E4M3_UE8M0_vec32,FP32Adder,False,618.534,0.000618534
E5M2_E4M3_UE8M0_vec32,ScaleToFP32_E5M2_x_E4M3_UE8M0,False,228.186,0.000228186
E5M2_E4M3_UE8M0_vec32,ScaleAddition_E5M2_to_E4M3_scale_UE8M0,False,74.718,7.4718e-05
E5M2_E4M3_UE8M0_vec32,CustomOperator_E5M2_to_E4M3,False,47.628,4.7628e-05
E5M2_E4M3_UE8M0_vec4,BFP_PE,True,3976.182,0.003976182
E5M2_E4M3_UE8M0_vec4,FP32Adder,False,618.534,0.000618534
E5M2_E4M3_UE8M0_vec4,ScaleToFP32_E5M2_x_E4M3_UE8M0,False,228.186,0.000228186
E5M2_E4M3_UE8M0_vec4,ScaleAddition_E5M2_to_E4M3_scale_UE8M0,False,74.718,7.4718e-05
E5M2_E4M3_UE8M0_vec4,CustomOperator_E5M2_to_E4M3,False,47.628,4.7628e-05
E5M2_E5M2_UE2M6_vec16,BFP_PE,True,19850.67,0.019850669999999997
E5M2_E5M2_UE2M6_vec16,FP32Adder,False,618.534,0.000618534
E5M2_E5M2_UE2M6_vec16,ScaleAddition_E5M2_to_E5M2_scale_UE2M6,False,352.926,0.000352926
E5M2_E5M2_UE2M6_vec16,ScaleToFP32_E5M2_x_E5M2_UE2M6,False,219.492,0.00021949199999999998
E5M2_E5M2_UE2M6_vec16,CustomOperator_E5M2_to_E5M2,False,43.47,4.3469999999999995e-05
E5M2_E5M2_UE2M6_vec32,BFP_PE,True,39601.422,0.039601422
E5M2_E5M2_UE2M6_vec32,FP32Adder,False,618.534,0.000618534
E5M2_E5M2_UE2M6_vec32,ScaleAddition_E5M2_to_E5M2_scale_UE2M6,False,352.926,0.000352926
E5M2_E5M2_UE2M6_vec32,ScaleToFP32_E5M2_x_E5M2_UE2M6,False,219.492,0.00021949199999999998
E5M2_E5M2_UE2M6_vec32,CustomOperator_E5M2_to_E5M2,False,43.47,4.3469999999999995e-05
E5M2_E5M2_UE2M6_vec4,BFP_PE,True,5037.606,0.005037605999999999
E5M2_E5M2_UE2M6_vec4,FP32Adder,False,618.534,0.000618534
E5M2_E5M2_UE2M6_vec4,ScaleAddition_E5M2_to_E5M2_scale_UE2M6,False,352.926,0.000352926
E5M2_E5M2_UE2M6_vec4,ScaleToFP32_E5M2_x_E5M2_UE2M6,False,219.492,0.00021949199999999998
E5M2_E5M2_UE2M6_vec4,CustomOperator_E5M2_to_E5M2,False,43.47,4.3469999999999995e-05
E5M2_E5M2_UE4M4_vec16,BFP_PE,True,18177.39,0.018177389999999998
E5M2_E5M2_UE4M4_vec16,FP32Adder,False,618.534,0.000618534
E5M2_E5M2_UE4M4_vec16,ScaleAddition_E5M2_to_E5M2_scale_UE4M4,False,246.204,0.000246204
E5M2_E5M2_UE4M4_vec16,ScaleToFP32_E5M2_x_E5M2_UE4M4,False,219.996,0.000219996
E5M2_E5M2_UE4M4_vec16,CustomOperator_E5M2_to_E5M2,False,45.108,4.5107999999999996e-05
E5M2_E5M2_UE4M4_vec32,BFP_PE,True,36254.862,0.036254862
E5M2_E5M2_UE4M4_vec32,FP32Adder,False,618.534,0.000618534
E5M2_E5M2_UE4M4_vec32,ScaleAddition_E5M2_to_E5M2_scale_UE4M4,False,246.204,0.000246204
E5M2_E5M2_UE4M4_vec32,ScaleToFP32_E5M2_x_E5M2_UE4M4,False,219.996,0.000219996
E5M2_E5M2_UE4M4_vec32,CustomOperator_E5M2_to_E5M2,False,45.108,4.5107999999999996e-05
E5M2_E5M2_UE4M4_vec4,BFP_PE,True,4619.286,0.004619286
E5M2_E5M2_UE4M4_vec4,FP32Adder,False,618.534,0.000618534
E5M2_E5M2_UE4M4_vec4,ScaleAddition_E5M2_to_E5M2_scale_UE4M4,False,246.204,0.000246204
E5M2_E5M2_UE4M4_vec4,ScaleToFP32_E5M2_x_E5M2_UE4M4,False,219.996,0.000219996
E5M2_E5M2_UE4M4_vec4,CustomOperator_E5M2_to_E5M2,False,45.108,4.5107999999999996e-05
E5M2_E5M2_UE6M2_vec16,BFP_PE,True,16681.518,0.016681518
E5M2_E5M2_UE6M2_vec16,FP32Adder,False,618.534,0.000618534
E5M2_E5M2_UE6M2_vec16,ScaleToFP32_E5M2_x_E5M2_UE6M2,False,223.398,0.00022339799999999998
E5M2_E5M2_UE6M2_vec16,ScaleAddition_E5M2_to_E5M2_scale_UE6M2,False,149.31,0.00014931
E5M2_E5M2_UE6M2_vec16,CustomOperator_E5M2_to_E5M2,False,45.108,4.5107999999999996e-05
E5M2_E5M2_UE6M2_vec32,BFP_PE,True,33263.118,0.033263118
E5M2_E5M2_UE6M2_vec32,FP32Adder,False,618.534,0.000618534
E5M2_E5M2_UE6M2_vec32,ScaleToFP32_E5M2_x_E5M2_UE6M2,False,223.398,0.00022339799999999998
E5M2_E5M2_UE6M2_vec32,ScaleAddition_E5M2_to_E5M2_scale_UE6M2,False,149.31,0.00014931
E5M2_E5M2_UE6M2_vec32,CustomOperator_E5M2_to_E5M2,False,45.108,4.5107999999999996e-05
E5M2_E5M2_UE6M2_vec4,BFP_PE,True,4245.318,0.004245318
E5M2_E5M2_UE6M2_vec4,FP32Adder,False,618.534,0.000618534
E5M2_E5M2_UE6M2_vec4,ScaleToFP32_E5M2_x_E5M2_UE6M2,False,223.398,0.00022339799999999998
E5M2_E5M2_UE6M2_vec4,ScaleAddition_E5M2_to_E5M2_scale_UE6M2,False,149.31,0.00014931
E5M2_E5M2_UE6M2_vec4,CustomOperator_E5M2_to_E5M2,False,45.108,4.5107999999999996e-05
E5M2_E5M2_UE8M0_vec16,BFP_PE,True,15560.622,0.015560621999999998
E5M2_E5M2_UE8M0_vec16,FP32Adder,False,618.534,0.000618534
E5M2_E5M2_UE8M0_vec16,ScaleToFP32_E5M2_x_E5M2_UE8M0,False,229.572,0.000229572
E5M2_E5M2_UE8M0_vec16,ScaleAddition_E5M2_to_E5M2_scale_UE8M0,False,74.718,7.4718e-05
E5M2_E5M2_UE8M0_vec16,CustomOperator_E5M2_to_E5M2,False,43.47,4.3469999999999995e-05
E5M2_E5M2_UE8M0_vec32,BFP_PE,True,31021.326,0.031021326
E5M2_E5M2_UE8M0_vec32,FP32Adder,False,618.534,0.000618534
E5M2_E5M2_UE8M0_vec32,ScaleToFP32_E5M2_x_E5M2_UE8M0,False,229.572,0.000229572
E5M2_E5M2_UE8M0_vec32,ScaleAddition_E5M2_to_E5M2_scale_UE8M0,False,74.718,7.4718e-05
E5M2_E5M2_UE8M0_vec32,CustomOperator_E5M2_to_E5M2,False,43.47,4.3469999999999995e-05
E5M2_E5M2_UE8M0_vec4,BFP_PE,True,3965.094,0.003965094
E5M2_E5M2_UE8M0_vec4,FP32Adder,False,618.534,0.000618534
E5M2_E5M2_UE8M0_vec4,ScaleToFP32_E5M2_x_E5M2_UE8M0,False,229.572,0.000229572
E5M2_E5M2_UE8M0_vec4,ScaleAddition_E5M2_to_E5M2_scale_UE8M0,False,74.718,7.4718e-05
E5M2_E5M2_UE8M0_vec4,CustomOperator_E5M2_to_E5M2,False,43.47,4.3469999999999995e-05
INT8_E2M1_UE2M6_vec16,BFP_PE,True,21148.974,0.021148973999999997
INT8_E2M1_UE2M6_vec16,FP32Adder,False,593.082,0.000593082
INT8_E2M1_UE2M6_vec16,ScaleAddition_INT8_to_E2M1_scale_UE2M6,False,487.116,0.00048711599999999995
INT8_E2M1_UE2M6_vec16,ScaleToFP32_INT8_x_E2M1_UE2M6,False,201.6,0.0002016
INT8_E2M1_UE2M6_vec16,CustomOperator_INT8_to_E2M1,False,33.768,3.3768e-05
INT8_E2M1_UE2M6_vec32,BFP_PE,True,42198.03,0.04219803
INT8_E2M1_UE2M6_vec32,FP32Adder,False,593.082,0.000593082
INT8_E2M1_UE2M6_vec32,ScaleAddition_INT8_to_E2M1_scale_UE2M6,False,487.116,0.00048711599999999995
INT8_E2M1_UE2M6_vec32,ScaleToFP32_INT8_x_E2M1_UE2M6,False,201.6,0.0002016
INT8_E2M1_UE2M6_vec32,CustomOperator_INT8_to_E2M1,False,33.768,3.3768e-05
INT8_E2M1_UE2M6_vec4,BFP_PE,True,5362.182,0.005362181999999999
INT8_E2M1_UE2M6_vec4,FP32Adder,False,593.082,0.000593082
INT8_E2M1_UE2M6_vec4,ScaleAddition_INT8_to_E2M1_scale_UE2M6,False,487.116,0.00048711599999999995
INT8_E2M1_UE2M6_vec4,ScaleToFP32_INT8_x_E2M1_UE2M6,False,201.6,0.0002016
INT8_E2M1_UE2M6_vec4,CustomOperator_INT8_to_E2M1,False,33.768,3.3768e-05
INT8_E2M1_UE4M4_vec16,BFP_PE,True,18893.07,0.018893069999999998
INT8_E2M1_UE4M4_vec16,FP32Adder,False,593.712,0.0005937119999999999
INT8_E2M1_UE4M4_vec16,ScaleAddition_INT8_to_E2M1_scale_UE4M4,False,334.782,0.000334782
INT8_E2M1_UE4M4_vec16,ScaleToFP32_INT8_x_E2M1_UE4M4,False,212.31,0.00021231
INT8_E2M1_UE4M4_vec16,CustomOperator_INT8_to_E2M1,False,33.768,3.3768e-05
INT8_E2M1_UE4M4_vec32,BFP_PE,True,37686.222,0.037686222
INT8_E2M1_UE4M4_vec32,FP32Adder,False,593.712,0.0005937119999999999
INT8_E2M1_UE4M4_vec32,ScaleAddition_INT8_to_E2M1_scale_UE4M4,False,334.782,0.000334782
INT8_E2M1_UE4M4_vec32,ScaleToFP32_INT8_x_E2M1_UE4M4,False,212.31,0.00021231
INT8_E2M1_UE4M4_vec32,CustomOperator_INT8_to_E2M1,False,33.768,3.3768e-05
INT8_E2M1_UE4M4_vec4,BFP_PE,True,4798.206,0.004798206
INT8_E2M1_UE4M4_vec4,FP32Adder,False,593.712,0.0005937119999999999
INT8_E2M1_UE4M4_vec4,ScaleAddition_INT8_to_E2M1_scale_UE4M4,False,334.782,0.000334782
INT8_E2M1_UE4M4_vec4,ScaleToFP32_INT8_x_E2M1_UE4M4,False,212.31,0.00021231
INT8_E2M1_UE4M4_vec4,CustomOperator_INT8_to_E2M1,False,33.768,3.3768e-05
INT8_E2M1_UE6M2_vec16,BFP_PE,True,17489.934,0.017489934
INT8_E2M1_UE6M2_vec16,FP32Adder,False,618.534,0.000618534
INT8_E2M1_UE6M2_vec16,ScaleToFP32_INT8_x_E2M1_UE6M2,False,232.974,0.00023297399999999997
INT8_E2M1_UE6M2_vec16,ScaleAddition_INT8_to_E2M1_scale_UE6M2,False,201.6,0.0002016
INT8_E2M1_UE6M2_vec16,CustomOperator_INT8_to_E2M1,False,33.768,3.3768e-05
INT8_E2M1_UE6M2_vec32,BFP_PE,True,34879.95,0.03487994999999999
INT8_E2M1_UE6M2_vec32,FP32Adder,False,618.534,0.000618534
INT8_E2M1_UE6M2_vec32,ScaleToFP32_INT8_x_E2M1_UE6M2,False,232.974,0.00023297399999999997
INT8_E2M1_UE6M2_vec32,ScaleAddition_INT8_to_E2M1_scale_UE6M2,False,201.6,0.0002016
INT8_E2M1_UE6M2_vec32,CustomOperator_INT8_to_E2M1,False,33.768,3.3768e-05
INT8_E2M1_UE6M2_vec4,BFP_PE,True,4447.422,0.0044474219999999995
INT8_E2M1_UE6M2_vec4,FP32Adder,False,618.534,0.000618534
INT8_E2M1_UE6M2_vec4,ScaleToFP32_INT8_x_E2M1_UE6M2,False,232.974,0.00023297399999999997
INT8_E2M1_UE6M2_vec4,ScaleAddition_INT8_to_E2M1_scale_UE6M2,False,201.6,0.0002016
INT8_E2M1_UE6M2_vec4,CustomOperator_INT8_to_E2M1,False,33.768,3.3768e-05
INT8_E2M1_UE8M0_vec1,BFP_PE,True,741.762,0.0007417619999999999
INT8_E2M1_UE8M0_vec1,FP32Adder,False,500.724,0.0005007239999999999
INT8_E2M1_UE8M0_vec1,ScaleToFP32_INT8_x_E2M1_UE8M0,False,65.52,6.552e-05
INT8_E2M1_UE8M0_vec1,ScaleAddition_INT8_to_E2M1_scale_UE8M0,False,52.668,5.2668e-05
INT8_E2M1_UE8M0_vec1,CustomOperator_INT8_to_E2M1,False,23.184,2.3184e-05
INT8_E2M1_UE8M0_vec16,BFP_PE,True,15294.51,0.015294509999999999
INT8_E2M1_UE8M0_vec16,FP32Adder,False,618.534,0.000618534
INT8_E2M1_UE8M0_vec16,ScaleToFP32_INT8_x_E2M1_UE8M0,False,222.642,0.00022264199999999997
INT8_E2M1_UE8M0_vec16,ScaleAddition_INT8_to_E2M1_scale_UE8M0,False,74.718,7.4718e-05
INT8_E2M1_UE8M0_vec16,CustomOperator_INT8_to_E2M1,False,33.768,3.3768e-05
INT8_E2M1_UE8M0_vec32,BFP_PE,True,30489.102,0.030489101999999997
INT8_E2M1_UE8M0_vec32,FP32Adder,False,618.534,0.000618534
INT8_E2M1_UE8M0_vec32,ScaleToFP32_INT8_x_E2M1_UE8M0,False,222.642,0.00022264199999999997
INT8_E2M1_UE8M0_vec32,ScaleAddition_INT8_to_E2M1_scale_UE8M0,False,74.718,7.4718e-05
INT8_E2M1_UE8M0_vec32,CustomOperator_INT8_to_E2M1,False,33.768,3.3768e-05
INT8_E2M1_UE8M0_vec4,BFP_PE,True,3898.566,0.0038985659999999996
INT8_E2M1_UE8M0_vec4,FP32Adder,False,618.534,0.000618534
INT8_E2M1_UE8M0_vec4,ScaleToFP32_INT8_x_E2M1_UE8M0,False,222.642,0.00022264199999999997
INT8_E2M1_UE8M0_vec4,ScaleAddition_INT8_to_E2M1_scale_UE8M0,False,74.718,7.4718e-05
INT8_E2M1_UE8M0_vec4,CustomOperator_INT8_to_E2M1,False,33.768,3.3768e-05
INT8_E2M3_UE2M6_vec16,BFP_PE,True,23126.67,0.02312667
INT8_E2M3_UE2M6_vec16,FP32Adder,False,591.57,0.00059157
INT8_E2M3_UE2M6_vec16,ScaleAddition_INT8_to_E2M3_scale_UE2M6,False,572.796,0.000572796
INT8_E2M3_UE2M6_vec16,ScaleToFP32_INT8_x_E2M3_UE2M6,False,201.474,0.000201474
INT8_E2M3_UE2M6_vec16,CustomOperator_INT8_to_E2M3,False,73.332,7.3332e-05
INT8_E2M3_UE2M6_vec32,BFP_PE,True,46153.422,0.046153422
INT8_E2M3_UE2M6_vec32,FP32Adder,False,591.57,0.00059157
INT8_E2M3_UE2M6_vec32,ScaleAddition_INT8_to_E2M3_scale_UE2M6,False,572.796,0.000572796
INT8_E2M3_UE2M6_vec32,ScaleToFP32_INT8_x_E2M3_UE2M6,False,201.474,0.000201474
INT8_E2M3_UE2M6_vec32,CustomOperator_INT8_to_E2M3,False,73.332,7.3332e-05
INT8_E2M3_UE2M6_vec4,BFP_PE,True,5856.606,0.0058566059999999994
INT8_E2M3_UE2M6_vec4,FP32Adder,False,591.57,0.00059157
INT8_E2M3_UE2M6_vec4,ScaleAddition_INT8_to_E2M3_scale_UE2M6,False,572.796,0.000572796
INT8_E2M3_UE2M6_vec4,ScaleToFP32_INT8_x_E2M3_UE2M6,False,201.474,0.000201474
INT8_E2M3_UE2M6_vec4,CustomOperator_INT8_to_E2M3,False,73.332,7.3332e-05
INT8_E2M3_UE4M4_vec16,BFP_PE,True,20715.534,0.020715533999999997
INT8_E2M3_UE4M4_vec16,FP32Adder,False,593.712,0.0005937119999999999
INT8_E2M3_UE4M4_vec16,ScaleAddition_INT8_to_E2M3_scale_UE4M4,False,405.09,0.00040508999999999993
INT8_E2M3_UE4M4_vec16,ScaleToFP32_INT8_x_E2M3_UE4M4,False,216.342,0.000216342
INT8_E2M3_UE4M4_vec16,CustomOperator_INT8_to_E2M3,False,73.332,7.3332e-05
INT8_E2M3_UE4M4_vec32,BFP_PE,True,41331.15,0.04133115
INT8_E2M3_UE4M4_vec32,FP32Adder,False,593.712,0.0005937119999999999
INT8_E2M3_UE4M4_vec32,ScaleAddition_INT8_to_E2M3_scale_UE4M4,False,405.09,0.00040508999999999993
INT8_E2M3_UE4M4_vec32,ScaleToFP32_INT8_x_E2M3_UE4M4,False,216.342,0.000216342
INT8_E2M3_UE4M4_vec32,CustomOperator_INT8_to_E2M3,False,73.332,7.3332e-05
INT8_E2M3_UE4M4_vec4,BFP_PE,True,5253.822,0.005253822
INT8_E2M3_UE4M4_vec4,FP32Adder,False,593.712,0.0005937119999999999
INT8_E2M3_UE4M4_vec4,ScaleAddition_INT8_to_E2M3_scale_UE4M4,False,405.09,0.00040508999999999993
INT8_E2M3_UE4M4_vec4,ScaleToFP32_INT8_x_E2M3_UE4M4,False,216.342,0.000216342
INT8_E2M3_UE4M4_vec4,CustomOperator_INT8_to_E2M3,False,73.332,7.3332e-05
INT8_E2M3_UE6M2_vec16,BFP_PE,True,18372.942,0.018372942
INT8_E2M3_UE6M2_vec16,FP32Adder,False,618.534,0.000618534
INT8_E2M3_UE6M2_vec16,ScaleAddition_INT8_to_E2M3_scale_UE6M2,False,230.832,0.000230832
INT8_E2M3_UE6M2_vec16,ScaleToFP32_INT8_x_E2M3_UE6M2,False,219.366,0.000219366
INT8_E2M3_UE6M2_vec16,CustomOperator_INT8_to_E2M3,False,73.332,7.3332e-05
INT8_E2M3_UE6M2_vec32,BFP_PE,True,36645.966,0.036645966
INT8_E2M3_UE6M2_vec32,FP32Adder,False,618.534,0.000618534
INT8_E2M3_UE6M2_vec32,ScaleAddition_INT8_to_E2M3_scale_UE6M2,False,230.832,0.000230832
INT8_E2M3_UE6M2_vec32,ScaleToFP32_INT8_x_E2M3_UE6M2,False,219.366,0.000219366
INT8_E2M3_UE6M2_vec32,CustomOperator_INT8_to_E2M3,False,73.332,7.3332e-05
INT8_E2M3_UE6M2_vec4,BFP_PE,True,4668.174,0.004668174
INT8_E2M3_UE6M2_vec4,FP32Adder,False,618.534,0.000618534
INT8_E2M3_UE6M2_vec4,ScaleAddition_INT8_to_E2M3_scale_UE6M2,False,230.832,0.000230832
INT8_E2M3_UE6M2_vec4,ScaleToFP32_INT8_x_E2M3_UE6M2,False,219.366,0.000219366
INT8_E2M3_UE6M2_vec4,CustomOperator_INT8_to_E2M3,False,73.332,7.3332e-05
INT8_E2M3_UE8M0_vec16,BFP_PE,True,15990.03,0.01599003
INT8_E2M3_UE8M0_vec16,FP32Adder,False,618.534,0.000618534
INT8_E2M3_UE8M0_vec16,ScaleToFP32_INT8_x_E2M3_UE8M0,False,227.052,0.000227052
INT8_E2M3_UE8M0_vec16,ScaleAddition_INT8_to_E2M3_scale_UE8M0,False,74.718,7.4718e-05
INT8_E2M3_UE8M0_vec16,CustomOperator_INT8_to_E2M3,False,72.828,7.2828e-05
INT8_E2M3_UE8M0_vec32,BFP_PE,True,31880.142,0.031880142
INT8_E2M3_UE8M0_vec32,FP32Adder,False,618.534,0.000618534
INT8_E2M3_UE8M0_vec32,ScaleToFP32_INT8_x_E2M3_UE8M0,False,227.052,0.000227052
INT8_E2M3_UE8M0_vec32,ScaleAddition_INT8_to_E2M3_scale_UE8M0,False,74.718,7.4718e-05
INT8_E2M3_UE8M0_vec32,CustomOperator_INT8_to_E2M3,False,72.828,7.2828e-05
INT8_E2M3_UE8M0_vec4,BFP_PE,True,4072.446,0.0040724459999999995
INT8_E2M3_UE8M0_vec4,FP32Adder,False,618.534,0.000618534
INT8_E2M3_UE8M0_vec4,ScaleToFP32_INT8_x_E2M3_UE8M0,False,227.052,0.000227052
INT8_E2M3_UE8M0_vec4,ScaleAddition_INT8_to_E2M3_scale_UE8M0,False,74.718,7.4718e-05
INT8_E2M3_UE8M0_vec4,CustomOperator_INT8_to_E2M3,False,72.828,7.2828e-05
INT8_E3M2_UE2M6_vec16,BFP_PE,True,22582.35,0.022582349999999998
INT8_E3M2_UE2M6_vec16,FP32Adder,False,612.612,0.0006126119999999999
INT8_E3M2_UE2M6_vec16,ScaleAddition_INT8_to_E3M2_scale_UE2M6,False,524.034,0.0005240339999999999
INT8_E3M2_UE2M6_vec16,ScaleToFP32_INT8_x_E3M2_UE2M6,False,216.468,0.000216468
INT8_E3M2_UE2M6_vec16,CustomOperator_INT8_to_E3M2,False,52.038,5.203799999999999e-05
INT8_E3M2_UE2M6_vec32,BFP_PE,True,45064.782,0.045064782
INT8_E3M2_UE2M6_vec32,FP32Adder,False,612.612,0.0006126119999999999
INT8_E3M2_UE2M6_vec32,ScaleAddition_INT8_to_E3M2_scale_UE2M6,False,524.034,0.0005240339999999999
INT8_E3M2_UE2M6_vec32,ScaleToFP32_INT8_x_E3M2_UE2M6,False,216.468,0.000216468
INT8_E3M2_UE2M6_vec32,CustomOperator_INT8_to_E3M2,False,52.038,5.203799999999999e-05
INT8_E3M2_UE2M6_vec4,BFP_PE,True,5720.526,0.005720525999999999
INT8_E3M2_UE2M6_vec4,FP32Adder,False,612.612,0.0006126119999999999
INT8_E3M2_UE2M6_vec4,ScaleAddition_INT8_to_E3M2_scale_UE2M6,False,524.034,0.0005240339999999999
INT8_E3M2_UE2M6_vec4,ScaleToFP32_INT8_x_E3M2_UE2M6,False,216.468,0.000216468
INT8_E3M2_UE2M6_vec4,CustomOperator_INT8_to_E3M2,False,52.038,5.203799999999999e-05
INT8_E3M2_UE4M4_vec16,BFP_PE,True,20247.822,0.020247822
INT8_E3M2_UE4M4_vec16,FP32Adder,False,618.534,0.000618534
INT8_E3M2_UE4M4_vec16,ScaleAddition_INT8_to_E3M2_scale_UE4M4,False,371.448,0.00037144799999999997
INT8_E3M2_UE4M4_vec16,ScaleToFP32_INT8_x_E3M2_UE4M4,False,217.224,0.000217224
INT8_E3M2_UE4M4_vec16,CustomOperator_INT8_to_E3M2,False,52.038,5.203799999999999e-05
INT8_E3M2_UE4M4_vec32,BFP_PE,True,40395.726,0.040395726
INT8_E3M2_UE4M4_vec32,FP32Adder,False,618.534,0.000618534
INT8_E3M2_UE4M4_vec32,ScaleAddition_INT8_to_E3M2_scale_UE4M4,False,371.448,0.00037144799999999997
INT8_E3M2_UE4M4_vec32,ScaleToFP32_INT8_x_E3M2_UE4M4,False,217.224,0.000217224
INT8_E3M2_UE4M4_vec32,CustomOperator_INT8_to_E3M2,False,52.038,5.203799999999999e-05
INT8_E3M2_UE4M4_vec4,BFP_PE,True,5136.894,0.005136894
INT8_E3M2_UE4M4_vec4,FP32Adder,False,618.534,0.000618534
INT8_E3M2_UE4M4_vec4,ScaleAddition_INT8_to_E3M2_scale_UE4M4,False,371.448,0.00037144799999999997
INT8_E3M2_UE4M4_vec4,ScaleToFP32_INT8_x_E3M2_UE4M4,False,217.224,0.000217224
INT8_E3M2_UE4M4_vec4,CustomOperator_INT8_to_E3M2,False,52.038,5.203799999999999e-05
INT8_E3M2_UE6M2_vec16,BFP_PE,True,17435.502,0.017435502
INT8_E3M2_UE6M2_vec16,FP32Adder,False,593.712,0.0005937119999999999
INT8_E3M2_UE6M2_vec16,ScaleToFP32_INT8_x_E3M2_UE6M2,False,223.02,0.00022302
INT8_E3M2_UE6M2_vec16,ScaleAddition_INT8_to_E3M2_scale_UE6M2,False,214.704,0.000214704
INT8_E3M2_UE6M2_vec16,CustomOperator_INT8_to_E3M2,False,52.038,5.203799999999999e-05
INT8_E3M2_UE6M2_vec32,BFP_PE,True,34771.086,0.034771086
INT8_E3M2_UE6M2_vec32,FP32Adder,False,593.712,0.0005937119999999999
INT8_E3M2_UE6M2_vec32,ScaleToFP32_INT8_x_E3M2_UE6M2,False,223.02,0.00022302
INT8_E3M2_UE6M2_vec32,ScaleAddition_INT8_to_E3M2_scale_UE6M2,False,214.704,0.000214704
INT8_E3M2_UE6M2_vec32,CustomOperator_INT8_to_E3M2,False,52.038,5.203799999999999e-05
INT8_E3M2_UE6M2_vec4,BFP_PE,True,4433.814,0.004433814
INT8_E3M2_UE6M2_vec4,FP32Adder,False,593.712,0.0005937119999999999
INT8_E3M2_UE6M2_vec4,ScaleToFP32_INT8_x_E3M2_UE6M2,False,223.02,0.00022302
INT8_E3M2_UE6M2_vec4,ScaleAddition_INT8_to_E3M2_scale_UE6M2,False,214.704,0.000214704
INT8_E3M2_UE6M2_vec4,CustomOperator_INT8_to_E3M2,False,52.038,5.203799999999999e-05
INT8_E3M2_UE8M0_vec16,BFP_PE,True,15292.494,0.015292494
INT8_E3M2_UE8M0_vec16,FP32Adder,False,593.712,0.0005937119999999999
INT8_E3M2_UE8M0_vec16,ScaleToFP32_INT8_x_E3M2_UE8M0,False,229.068,0.000229068
INT8_E3M2_UE8M0_vec16,ScaleAddition_INT8_to_E3M2_scale_UE8M0,False,74.718,7.4718e-05
INT8_E3M2_UE8M0_vec16,CustomOperator_INT8_to_E3M2,False,52.038,5.203799999999999e-05
INT8_E3M2_UE8M0_vec32,BFP_PE,True,30485.07,0.03048507
INT8_E3M2_UE8M0_vec32,FP32Adder,False,593.712,0.0005937119999999999
INT8_E3M2_UE8M0_vec32,ScaleToFP32_INT8_x_E3M2_UE8M0,False,229.068,0.000229068
INT8_E3M2_UE8M0_vec32,ScaleAddition_INT8_to_E3M2_scale_UE8M0,False,74.718,7.4718e-05
INT8_E3M2_UE8M0_vec32,CustomOperator_INT8_to_E3M2,False,52.038,5.203799999999999e-05
INT8_E3M2_UE8M0_vec4,BFP_PE,True,3898.062,0.003898062
INT8_E3M2_UE8M0_vec4,FP32Adder,False,593.712,0.0005937119999999999
INT8_E3M2_UE8M0_vec4,ScaleToFP32_INT8_x_E3M2_UE8M0,False,229.068,0.000229068
INT8_E3M2_UE8M0_vec4,ScaleAddition_INT8_to_E3M2_scale_UE8M0,False,74.718,7.4718e-05
INT8_E3M2_UE8M0_vec4,CustomOperator_INT8_to_E3M2,False,52.038,5.203799999999999e-05
INT8_E4M3_UE2M6_vec16,BFP_PE,True,23491.566,0.023491566
INT8_E4M3_UE2M6_vec16,FP32Adder,False,601.776,0.0006017759999999999
INT8_E4M3_UE2M6_vec16,ScaleAddition_INT8_to_E4M3_scale_UE2M6,False,574.56,0.0005745599999999999
INT8_E4M3_UE2M6_vec16,ScaleToFP32_INT8_x_E4M3_UE2M6,False,209.16,0.00020915999999999998
INT8_E4M3_UE2M6_vec16,CustomOperator_INT8_to_E4M3,False,76.482,7.648199999999999e-05
INT8_E4M3_UE2M6_vec32,BFP_PE,True,46883.214,0.046883214
INT8_E4M3_UE2M6_vec32,FP32Adder,False,601.776,0.0006017759999999999
INT8_E4M3_UE2M6_vec32,ScaleAddition_INT8_to_E4M3_scale_UE2M6,False,574.56,0.0005745599999999999
INT8_E4M3_UE2M6_vec32,ScaleToFP32_INT8_x_E4M3_UE2M6,False,209.16,0.00020915999999999998
INT8_E4M3_UE2M6_vec32,CustomOperator_INT8_to_E4M3,False,76.482,7.648199999999999e-05
INT8_E4M3_UE2M6_vec4,BFP_PE,True,5947.83,0.0059478299999999994
INT8_E4M3_UE2M6_vec4,FP32Adder,False,601.776,0.0006017759999999999
INT8_E4M3_UE2M6_vec4,ScaleAddition_INT8_to_E4M3_scale_UE2M6,False,574.56,0.0005745599999999999
INT8_E4M3_UE2M6_vec4,ScaleToFP32_INT8_x_E4M3_UE2M6,False,209.16,0.00020915999999999998
INT8_E4M3_UE2M6_vec4,CustomOperator_INT8_to_E4M3,False,76.482,7.648199999999999e-05
INT8_E4M3_UE4M4_vec16,BFP_PE,True,20784.078,0.020784078
INT8_E4M3_UE4M4_vec16,FP32Adder,False,593.712,0.0005937119999999999
INT8_E4M3_UE4M4_vec16,ScaleAddition_INT8_to_E4M3_scale_UE4M4,False,406.224,0.00040622399999999995
INT8_E4M3_UE4M4_vec16,ScaleToFP32_INT8_x_E4M3_UE4M4,False,216.342,0.000216342
INT8_E4M3_UE4M4_vec16,CustomOperator_INT8_to_E4M3,False,76.482,7.648199999999999e-05
INT8_E4M3_UE4M4_vec32,BFP_PE,True,41468.238,0.041468238
INT8_E4M3_UE4M4_vec32,FP32Adder,False,593.712,0.0005937119999999999
INT8_E4M3_UE4M4_vec32,ScaleAddition_INT8_to_E4M3_scale_UE4M4,False,406.224,0.00040622399999999995
INT8_E4M3_UE4M4_vec32,ScaleToFP32_INT8_x_E4M3_UE4M4,False,216.342,0.000216342
INT8_E4M3_UE4M4_vec32,CustomOperator_INT8_to_E4M3,False,76.482,7.648199999999999e-05
INT8_E4M3_UE4M4_vec4,BFP_PE,True,5270.958,0.005270957999999999
INT8_E4M3_UE4M4_vec4,FP32Adder,False,593.712,0.0005937119999999999
INT8_E4M3_UE4M4_vec4,ScaleAddition_INT8_to_E4M3_scale_UE4M4,False,406.224,0.00040622399999999995
INT8_E4M3_UE4M4_vec4,ScaleToFP32_INT8_x_E4M3_UE4M4,False,216.342,0.000216342
INT8_E4M3_UE4M4_vec4,CustomOperator_INT8_to_E4M3,False,76.482,7.648199999999999e-05
INT8_E4M3_UE6M2_vec16,BFP_PE,True,18487.854,0.018487853999999998
INT8_E4M3_UE6M2_vec16,FP32Adder,False,618.534,0.000618534
INT8_E4M3_UE6M2_vec16,ScaleAddition_INT8_to_E4M3_scale_UE6M2,False,234.108,0.000234108
INT8_E4M3_UE6M2_vec16,ScaleToFP32_INT8_x_E4M3_UE6M2,False,220.122,0.000220122
INT8_E4M3_UE6M2_vec16,CustomOperator_INT8_to_E4M3,False,76.482,7.648199999999999e-05
INT8_E4M3_UE6M2_vec32,BFP_PE,True,36875.79,0.03687579
INT8_E4M3_UE6M2_vec32,FP32Adder,False,618.534,0.000618534
INT8_E4M3_UE6M2_vec32,ScaleAddition_INT8_to_E4M3_scale_UE6M2,False,234.108,0.000234108
INT8_E4M3_UE6M2_vec32,ScaleToFP32_INT8_x_E4M3_UE6M2,False,220.122,0.000220122
INT8_E4M3_UE6M2_vec32,CustomOperator_INT8_to_E4M3,False,76.482,7.648199999999999e-05
INT8_E4M3_UE6M2_vec4,BFP_PE,True,4696.902,0.004696902
INT8_E4M3_UE6M2_vec4,FP32Adder,False,618.534,0.000618534
INT8_E4M3_UE6M2_vec4,ScaleAddition_INT8_to_E4M3_scale_UE6M2,False,234.108,0.000234108
INT8_E4M3_UE6M2_vec4,ScaleToFP32_INT8_x_E4M3_UE6M2,False,220.122,0.000220122
INT8_E4M3_UE6M2_vec4,CustomOperator_INT8_to_E4M3,False,76.482,7.648199999999999e-05
INT8_E4M3_UE8M0_vec16,BFP_PE,True,16044.462,0.016044462
INT8_E4M3_UE8M0_vec16,FP32Adder,False,618.534,0.000618534
INT8_E4M3_UE8M0_vec16,ScaleToFP32_INT8_x_E4M3_UE8M0,False,227.052,0.000227052
INT8_E4M3_UE8M0_vec16,CustomOperator_INT8_to_E4M3,False,76.23,7.623000000000001e-05
INT8_E4M3_UE8M0_vec16,ScaleAddition_INT8_to_E4M3_scale_UE8M0,False,74.718,7.4718e-05
INT8_E4M3_UE8M0_vec32,BFP_PE,True,31989.006,0.031989006
INT8_E4M3_UE8M0_vec32,FP32Adder,False,618.534,0.000618534
INT8_E4M3_UE8M0_vec32,ScaleToFP32_INT8_x_E4M3_UE8M0,False,227.052,0.000227052
INT8_E4M3_UE8M0_vec32,CustomOperator_INT8_to_E4M3,False,76.23,7.623000000000001e-05
INT8_E4M3_UE8M0_vec32,ScaleAddition_INT8_to_E4M3_scale_UE8M0,False,74.718,7.4718e-05
INT8_E4M3_UE8M0_vec4,BFP_PE,True,4086.054,0.0040860539999999996
INT8_E4M3_UE8M0_vec4,FP32Adder,False,618.534,0.000618534
INT8_E4M3_UE8M0_vec4,ScaleToFP32_INT8_x_E4M3_UE8M0,False,227.052,0.000227052
INT8_E4M3_UE8M0_vec4,CustomOperator_INT8_to_E4M3,False,76.23,7.623000000000001e-05
INT8_E4M3_UE8M0_vec4,ScaleAddition_INT8_to_E4M3_scale_UE8M0,False,74.718,7.4718e-05
INT8_E5M2_UE2M6_vec16,BFP_PE,True,22777.902,0.022777901999999996
INT8_E5M2_UE2M6_vec16,FP32Adder,False,612.612,0.0006126119999999999
INT8_E5M2_UE2M6_vec16,ScaleAddition_INT8_to_E5M2_scale_UE2M6,False,525.546,0.000525546
INT8_E5M2_UE2M6_vec16,ScaleToFP32_INT8_x_E5M2_UE2M6,False,220.5,0.0002205
INT8_E5M2_UE2M6_vec16,CustomOperator_INT8_to_E5M2,False,58.716,5.8716e-05
INT8_E5M2_UE2M6_vec32,BFP_PE,True,45455.886,0.045455885999999994
INT8_E5M2_UE2M6_vec32,FP32Adder,False,612.612,0.0006126119999999999
INT8_E5M2_UE2M6_vec32,ScaleAddition_INT8_to_E5M2_scale_UE2M6,False,525.546,0.000525546
INT8_E5M2_UE2M6_vec32,ScaleToFP32_INT8_x_E5M2_UE2M6,False,220.5,0.0002205
INT8_E5M2_UE2M6_vec32,CustomOperator_INT8_to_E5M2,False,58.716,5.8716e-05
INT8_E5M2_UE2M6_vec4,BFP_PE,True,5769.414,0.005769414
INT8_E5M2_UE2M6_vec4,FP32Adder,False,612.612,0.0006126119999999999
INT8_E5M2_UE2M6_vec4,ScaleAddition_INT8_to_E5M2_scale_UE2M6,False,525.546,0.000525546
INT8_E5M2_UE2M6_vec4,ScaleToFP32_INT8_x_E5M2_UE2M6,False,220.5,0.0002205
INT8_E5M2_UE2M6_vec4,CustomOperator_INT8_to_E5M2,False,58.716,5.8716e-05
INT8_E5M2_UE4M4_vec16,BFP_PE,True,20415.15,0.02041515
INT8_E5M2_UE4M4_vec16,FP32Adder,False,618.534,0.000618534
INT8_E5M2_UE4M4_vec16,ScaleAddition_INT8_to_E5M2_scale_UE4M4,False,374.346,0.000374346
INT8_E5M2_UE4M4_vec16,ScaleToFP32_INT8_x_E5M2_UE4M4,False,218.106,0.00021810599999999997
INT8_E5M2_UE4M4_vec16,CustomOperator_INT8_to_E5M2,False,58.716,5.8716e-05
INT8_E5M2_UE4M4_vec32,BFP_PE,True,40730.382,0.040730381999999996
INT8_E5M2_UE4M4_vec32,FP32Adder,False,618.534,0.000618534
INT8_E5M2_UE4M4_vec32,ScaleAddition_INT8_to_E5M2_scale_UE4M4,False,374.346,0.000374346
INT8_E5M2_UE4M4_vec32,ScaleToFP32_INT8_x_E5M2_UE4M4,False,218.106,0.00021810599999999997
INT8_E5M2_UE4M4_vec32,CustomOperator_INT8_to_E5M2,False,58.716,5.8716e-05
INT8_E5M2_UE4M4_vec4,BFP_PE,True,5178.726,0.005178726
INT8_E5M2_UE4M4_vec4,FP32Adder,False,618.534,0.000618534
INT8_E5M2_UE4M4_vec4,ScaleAddition_INT8_to_E5M2_scale_UE4M4,False,374.346,0.000374346
INT8_E5M2_UE4M4_vec4,ScaleToFP32_INT8_x_E5M2_UE4M4,False,218.106,0.00021810599999999997
INT8_E5M2_UE4M4_vec4,CustomOperator_INT8_to_E5M2,False,58.716,5.8716e-05
INT8_E5M2_UE6M2_vec16,BFP_PE,True,17943.534,0.017943534
INT8_E5M2_UE6M2_vec16,FP32Adder,False,618.534,0.000618534
INT8_E5M2_UE6M2_vec16,ScaleToFP32_INT8_x_E5M2_UE6M2,False,223.524,0.00022352399999999998
INT8_E5M2_UE6M2_vec16,ScaleAddition_INT8_to_E5M2_scale_UE6M2,False,214.452,0.00021445199999999999
INT8_E5M2_UE6M2_vec16,CustomOperator_INT8_to_E5M2,False,58.716,5.8716e-05
INT8_E5M2_UE6M2_vec32,BFP_PE,True,35787.15,0.03578715
INT8_E5M2_UE6M2_vec32,FP32Adder,False,618.534,0.000618534
INT8_E5M2_UE6M2_vec32,ScaleToFP32_INT8_x_E5M2_UE6M2,False,223.524,0.00022352399999999998
INT8_E5M2_UE6M2_vec32,ScaleAddition_INT8_to_E5M2_scale_UE6M2,False,214.452,0.00021445199999999999
INT8_E5M2_UE6M2_vec32,CustomOperator_INT8_to_E5M2,False,58.716,5.8716e-05
INT8_E5M2_UE6M2_vec4,BFP_PE,True,4560.822,0.004560822
INT8_E5M2_UE6M2_vec4,FP32Adder,False,618.534,0.000618534
INT8_E5M2_UE6M2_vec4,ScaleToFP32_INT8_x_E5M2_UE6M2,False,223.524,0.00022352399999999998
INT8_E5M2_UE6M2_vec4,ScaleAddition_INT8_to_E5M2_scale_UE6M2,False,214.452,0.00021445199999999999
INT8_E5M2_UE6M2_vec4,CustomOperator_INT8_to_E5M2,False,58.716,5.8716e-05
INT8_E5M2_UE8M0_vec16,BFP_PE,True,15796.494,0.015796494
INT8_E5M2_UE8M0_vec16,FP32Adder,False,618.534,0.000618534
INT8_E5M2_UE8M0_vec16,ScaleToFP32_INT8_x_E5M2_UE8M0,False,229.068,0.000229068
INT8_E5M2_UE8M0_vec16,ScaleAddition_INT8_to_E5M2_scale_UE8M0,False,74.718,7.4718e-05
INT8_E5M2_UE8M0_vec16,CustomOperator_INT8_to_E5M2,False,58.716,5.8716e-05
INT8_E5M2_UE8M0_vec32,BFP_PE,True,31493.07,0.03149307
INT8_E5M2_UE8M0_vec32,FP32Adder,False,618.534,0.000618534
INT8_E5M2_UE8M0_vec32,ScaleToFP32_INT8_x_E5M2_UE8M0,False,229.068,0.000229068
INT8_E5M2_UE8M0_vec32,ScaleAddition_INT8_to_E5M2_scale_UE8M0,False,74.718,7.4718e-05
INT8_E5M2_UE8M0_vec32,CustomOperator_INT8_to_E5M2,False,58.716,5.8716e-05
INT8_E5M2_UE8M0_vec4,BFP_PE,True,4024.062,0.004024062
INT8_E5M2_UE8M0_vec4,FP32Adder,False,618.534,0.000618534
INT8_E5M2_UE8M0_vec4,ScaleToFP32_INT8_x_E5M2_UE8M0,False,229.068,0.000229068
INT8_E5M2_UE8M0_vec4,ScaleAddition_INT8_to_E5M2_scale_UE8M0,False,74.718,7.4718e-05
INT8_E5M2_UE8M0_vec4,CustomOperator_INT8_to_E5M2,False,58.716,5.8716e-05
INT8_INT8_UE2M6_vec16,BFP_PE,True,27283.662,0.027283662
INT8_INT8_UE2M6_vec16,ScaleAddition_INT8_to_INT8_scale_UE2M6,False,704.466,0.000704466
INT8_INT8_UE2M6_vec16,FP32Adder,False,618.534,0.000618534
INT8_INT8_UE2M6_vec16,ScaleToFP32_INT8_x_INT8_UE2M6,False,216.972,0.000216972
INT8_INT8_UE2M6_vec16,CustomOperator_INT8_to_INT8,False,159.012,0.000159012
INT8_INT8_UE2M6_vec32,BFP_PE,True,54467.406,0.054467406
INT8_INT8_UE2M6_vec32,ScaleAddition_INT8_to_INT8_scale_UE2M6,False,704.466,0.000704466
INT8_INT8_UE2M6_vec32,FP32Adder,False,618.534,0.000618534
INT8_INT8_UE2M6_vec32,ScaleToFP32_INT8_x_INT8_UE2M6,False,216.972,0.000216972
INT8_INT8_UE2M6_vec32,CustomOperator_INT8_to_INT8,False,159.012,0.000159012
INT8_INT8_UE2M6_vec4,BFP_PE,True,6895.854,0.006895854
INT8_INT8_UE2M6_vec4,ScaleAddition_INT8_to_INT8_scale_UE2M6,False,704.466,0.000704466
INT8_INT8_UE2M6_vec4,FP32Adder,False,618.534,0.000618534
INT8_INT8_UE2M6_vec4,ScaleToFP32_INT8_x_INT8_UE2M6,False,216.972,0.000216972
INT8_INT8_UE2M6_vec4,CustomOperator_INT8_to_INT8,False,159.012,0.000159012
INT8_INT8_UE4M4_vec16,BFP_PE,True,23465.358,0.023465358
INT8_INT8_UE4M4_vec16,FP32Adder,False,603.666,0.000603666
INT8_INT8_UE4M4_vec16,ScaleAddition_INT8_to_INT8_scale_UE4M4,False,481.698,0.00048169799999999997
INT8_INT8_UE4M4_vec16,ScaleToFP32_INT8_x_INT8_UE4M4,False,216.468,0.000216468
INT8_INT8_UE4M4_vec16,CustomOperator_INT8_to_INT8,False,158.508,0.000158508
INT8_INT8_UE4M4_vec32,BFP_PE,True,46830.798,0.046830798
INT8_INT8_UE4M4_vec32,FP32Adder,False,603.666,0.000603666
INT8_INT8_UE4M4_vec32,ScaleAddition_INT8_to_INT8_scale_UE4M4,False,481.698,0.00048169799999999997
INT8_INT8_UE4M4_vec32,ScaleToFP32_INT8_x_INT8_UE4M4,False,216.468,0.000216468
INT8_INT8_UE4M4_vec32,CustomOperator_INT8_to_INT8,False,158.508,0.000158508
INT8_INT8_UE4M4_vec4,BFP_PE,True,5941.278,0.005941278
INT8_INT8_UE4M4_vec4,FP32Adder,False,603.666,0.000603666
INT8_INT8_UE4M4_vec4,ScaleAddition_INT8_to_INT8_scale_UE4M4,False,481.698,0.00048169799999999997
INT8_INT8_UE4M4_vec4,ScaleToFP32_INT8_x_INT8_UE4M4,False,216.468,0.000216468
INT8_INT8_UE4M4_vec4,CustomOperator_INT8_to_INT8,False,158.508,0.000158508
INT8_INT8_UE6M2_vec16,BFP_PE,True,20358.702,0.020358702
INT8_INT8_UE6M2_vec16,FP32Adder,False,618.534,0.000618534
INT8_INT8_UE6M2_vec16,ScaleAddition_INT8_to_INT8_scale_UE6M2,False,263.466,0.000263466
INT8_INT8_UE6M2_vec16,ScaleToFP32_INT8_x_INT8_UE6M2,False,225.666,0.000225666
INT8_INT8_UE6M2_vec16,CustomOperator_INT8_to_INT8,False,158.508,0.000158508
INT8_INT8_UE6M2_vec32,BFP_PE,True,40617.486,0.040617485999999994
INT8_INT8_UE6M2_vec32,FP32Adder,False,618.534,0.000618534
INT8_INT8_UE6M2_vec32,ScaleAddition_INT8_to_INT8_scale_UE6M2,False,263.466,0.000263466
INT8_INT8_UE6M2_vec32,ScaleToFP32_INT8_x_INT8_UE6M2,False,225.666,0.000225666
INT8_INT8_UE6M2_vec32,CustomOperator_INT8_to_INT8,False,158.508,0.000158508
INT8_INT8_UE6M2_vec4,BFP_PE,True,5164.614,0.005164614
INT8_INT8_UE6M2_vec4,FP32Adder,False,618.534,0.000618534
INT8_INT8_UE6M2_vec4,ScaleAddition_INT8_to_INT8_scale_UE6M2,False,263.466,0.000263466
INT8_INT8_UE6M2_vec4,ScaleToFP32_INT8_x_INT8_UE6M2,False,225.666,0.000225666
INT8_INT8_UE6M2_vec4,CustomOperator_INT8_to_INT8,False,158.508,0.000158508
INT8_INT8_UE8M0_vec16,BFP_PE,True,16919.406,0.016919405999999998
INT8_INT8_UE8M0_vec16,FP32Adder,False,618.534,0.000618534
INT8_INT8_UE8M0_vec16,ScaleToFP32_INT8_x_INT8_UE8M0,False,226.044,0.000226044
INT8_INT8_UE8M0_vec16,CustomOperator_INT8_to_INT8,False,158.508,0.000158508
INT8_INT8_UE8M0_vec16,ScaleAddition_INT8_to_INT8_scale_UE8M0,False,48.132,4.813199999999999e-05
INT8_INT8_UE8M0_vec32,BFP_PE,True,33738.894,0.033738894
INT8_INT8_UE8M0_vec32,FP32Adder,False,618.534,0.000618534
INT8_INT8_UE8M0_vec32,ScaleToFP32_INT8_x_INT8_UE8M0,False,226.044,0.000226044
INT8_INT8_UE8M0_vec32,CustomOperator_INT8_to_INT8,False,158.508,0.000158508
INT8_INT8_UE8M0_vec32,ScaleAddition_INT8_to_INT8_scale_UE8M0,False,48.132,4.813199999999999e-05
INT8_INT8_UE8M0_vec4,BFP_PE,True,4304.79,0.00430479
INT8_INT8_UE8M0_vec4,FP32Adder,False,618.534,0.000618534
INT8_INT8_UE8M0_vec4,ScaleToFP32_INT8_x_INT8_UE8M0,False,226.044,0.000226044
INT8_INT8_UE8M0_vec4,CustomOperator_INT8_to_INT8,False,158.508,0.000158508
INT8_INT8_UE8M0_vec4,ScaleAddition_INT8_to_INT8_scale_UE8M0,False,48.132,4.813199999999999e-05
