variant,baseline,arch,mul_a,mul_b,scale,vec_width,synth_freq_mhz,area_um2,submodule_areas,power_default_W,submodule_powers,critical_path_ns,max_freq_mhz
archI_INT8xINT8_UE8M0_V4,custom,archI,INT8,INT8,UE8M0,4,500,1542.870002,"CustomOperator_INT8_to_INT8_0: 147.0420 (1 inst); CustomOperator_INT8_to_INT8_1: 147.5460 (1 inst); CustomOperator_INT8_to_INT8_2: 146.1600 (1 inst); CustomOperator_INT8_to_INT8_3: 146.2860 (1 inst); DirectToFP14b_INT8_x_INT8_UE8M0: 73.2060 (1 inst); FPNAdder: 407.9880 (1 inst); FixedFPTree_exp6_mant14_out14_vec4_range0_intonly: 403.4520 (1 inst); SNPS_CLOCK_GATE: 1.8900 (1 inst)",8.512000e-04,"CustomOperator_INT8_to_INT8_0: 8.090e-05 (1 inst); CustomOperator_INT8_to_INT8_1: 8.110e-05 (1 inst); CustomOperator_INT8_to_INT8_2: 8.020e-05 (1 inst); CustomOperator_INT8_to_INT8_3: 8.010e-05 (1 inst); DirectToFP14b_INT8_x_INT8_UE8M0: 4.050e-05 (1 inst); FPNAdder: 1.800e-04 (1 inst); FixedFPTree_exp6_mant14_out14_vec4_range0_intonly: 2.980e-04 (1 inst); SNPS_CLOCK_GATE: 5.860e-07 (1 inst)",1.93,518.1
archII_E2M1xE2M1_UE8M0_V4,custom,archII,E2M1,E2M1,UE8M0,4,500,880.992000,"CustomOperator_E2M1_to_E2M1_0: 9.1980 (1 inst); CustomOperator_E2M1_to_E2M1_1: 9.0720 (1 inst); CustomOperator_E2M1_to_E2M1_2: 9.1980 (1 inst); CustomOperator_E2M1_to_E2M1_3: 9.5760 (1 inst); DirectToFP14b_E2M1_x_E2M1_UE8M0: 56.7000 (1 inst); FPNAdder: 402.6960 (1 inst); FixedFPTree_exp4_mant4_out4_vec4_range4_smallshift: 313.7400 (1 inst); SNPS_CLOCK_GATE: 1.8900 (1 inst)",3.548000e-04,"CustomOperator_E2M1_to_E2M1_0: 3.060e-06 (1 inst); CustomOperator_E2M1_to_E2M1_1: 3.080e-06 (1 inst); CustomOperator_E2M1_to_E2M1_2: 3.090e-06 (1 inst); CustomOperator_E2M1_to_E2M1_3: 3.270e-06 (1 inst); DirectToFP14b_E2M1_x_E2M1_UE8M0: 3.160e-05 (1 inst); FPNAdder: 1.200e-04 (1 inst); FixedFPTree_exp4_mant4_out4_vec4_range4_smallshift: 1.830e-04 (1 inst); SNPS_CLOCK_GATE: 5.930e-07 (1 inst)",1.93,518.1
archII_E2M1xE2M3_UE8M0_V4,custom,archII,E2M1,E2M3,UE8M0,4,500,998.046000,"CustomOperator_E2M1_to_E2M3_0: 16.5060 (1 inst); CustomOperator_E2M1_to_E2M3_1: 16.3800 (1 inst); CustomOperator_E2M1_to_E2M3_2: 16.8840 (1 inst); CustomOperator_E2M1_to_E2M3_3: 17.3880 (1 inst); DirectToFP14b_E2M1_x_E2M3_UE8M0: 56.1960 (1 inst); FPNAdder: 402.9480 (1 inst); FixedFPTree_exp4_mant6_out6_vec4_range4_smallshift: 400.8060 (1 inst); SNPS_CLOCK_GATE: 1.8900 (1 inst)",4.442000e-04,"CustomOperator_E2M1_to_E2M3_0: 5.780e-06 (1 inst); CustomOperator_E2M1_to_E2M3_1: 5.680e-06 (1 inst); CustomOperator_E2M1_to_E2M3_2: 6.000e-06 (1 inst); CustomOperator_E2M1_to_E2M3_3: 6.180e-06 (1 inst); DirectToFP14b_E2M1_x_E2M3_UE8M0: 3.110e-05 (1 inst); FPNAdder: 1.340e-04 (1 inst); FixedFPTree_exp4_mant6_out6_vec4_range4_smallshift: 2.480e-04 (1 inst); SNPS_CLOCK_GATE: 5.860e-07 (1 inst)",1.93,518.1
archII_E2M3xE2M3_UE8M0_V4,custom,archII,E2M3,E2M3,UE8M0,4,500,1144.710000,"CustomOperator_E2M3_to_E2M3_0: 38.0520 (1 inst); CustomOperator_E2M3_to_E2M3_1: 38.4300 (1 inst); CustomOperator_E2M3_to_E2M3_2: 38.1780 (1 inst); CustomOperator_E2M3_to_E2M3_3: 38.9340 (1 inst); DirectToFP14b_E2M3_x_E2M3_UE8M0: 59.3460 (1 inst); FPNAdder: 395.7660 (1 inst); FixedFPTree_exp4_mant8_out8_vec4_range4_smallshift: 466.0740 (1 inst); SNPS_CLOCK_GATE: 1.8900 (1 inst)",5.461000e-04,"CustomOperator_E2M3_to_E2M3_0: 1.360e-05 (1 inst); CustomOperator_E2M3_to_E2M3_1: 1.370e-05 (1 inst); CustomOperator_E2M3_to_E2M3_2: 1.390e-05 (1 inst); CustomOperator_E2M3_to_E2M3_3: 1.390e-05 (1 inst); DirectToFP14b_E2M3_x_E2M3_UE8M0: 3.300e-05 (1 inst); FPNAdder: 1.470e-04 (1 inst); FixedFPTree_exp4_mant8_out8_vec4_range4_smallshift: 3.030e-04 (1 inst); SNPS_CLOCK_GATE: 5.780e-07 (1 inst)",1.93,518.1
archIII_E3M2xE3M2_UE8M0_V4,custom,archIII,E3M2,E3M2,UE8M0,4,500,1528.002000,"CustomOperator_E3M2_to_E3M2_0: 31.7520 (1 inst); CustomOperator_E3M2_to_E3M2_1: 33.8940 (1 inst); CustomOperator_E3M2_to_E3M2_2: 38.0520 (1 inst); CustomOperator_E3M2_to_E3M2_3: 38.1780 (1 inst); DirectToFP14b_E3M2_x_E3M2_UE8M0: 59.7240 (1 inst); FPNAdder: 458.2620 (1 inst); FixedFPTree_exp5_mant6_out6_vec4_range12_twostage: 796.9500 (1 inst); SNPS_CLOCK_GATE: 1.8900 (1 inst)",6.544000e-04,"CustomOperator_E3M2_to_E3M2_0: 1.130e-05 (1 inst); CustomOperator_E3M2_to_E3M2_1: 1.230e-05 (1 inst); CustomOperator_E3M2_to_E3M2_2: 1.310e-05 (1 inst); CustomOperator_E3M2_to_E3M2_3: 1.330e-05 (1 inst); DirectToFP14b_E3M2_x_E3M2_UE8M0: 3.250e-05 (1 inst); FPNAdder: 1.580e-04 (1 inst); FixedFPTree_exp5_mant6_out6_vec4_range12_twostage: 4.050e-04 (1 inst); SNPS_CLOCK_GATE: 5.920e-07 (1 inst)",1.93,518.1
archIII_E3M2xE4M3_UE8M0_V4,custom,archIII,E3M2,E4M3,UE8M0,4,500,2256.408004,"CustomOperator_E3M2_to_E4M3_0: 42.7140 (1 inst); CustomOperator_E3M2_to_E4M3_1: 43.0920 (1 inst); CustomOperator_E3M2_to_E4M3_2: 52.2900 (1 inst); CustomOperator_E3M2_to_E4M3_3: 51.7860 (1 inst); DirectToFP14b_E3M2_x_E4M3_UE8M0: 69.5520 (1 inst); FPNAdder: 489.0060 (1 inst); FixedFPTree_exp6_mant7_out7_vec4_range20_twostage: 1435.0140 (1 inst); SNPS_CLOCK_GATE: 1.8900 (1 inst)",9.691000e-04,"CustomOperator_E3M2_to_E4M3_0: 1.700e-05 (1 inst); CustomOperator_E3M2_to_E4M3_1: 1.650e-05 (1 inst); CustomOperator_E3M2_to_E4M3_2: 2.070e-05 (1 inst); CustomOperator_E3M2_to_E4M3_3: 1.990e-05 (1 inst); DirectToFP14b_E3M2_x_E4M3_UE8M0: 4.050e-05 (1 inst); FPNAdder: 1.800e-04 (1 inst); FixedFPTree_exp6_mant7_out7_vec4_range20_twostage: 6.650e-04 (1 inst); SNPS_CLOCK_GATE: 5.960e-07 (1 inst)",1.93,518.1
archIII_E4M3xE4M3_UE8M0_V4,custom,archIII,E4M3,E4M3,UE8M0,4,500,2732.940001,"CustomOperator_E4M3_to_E4M3_0: 56.7000 (1 inst); CustomOperator_E4M3_to_E4M3_1: 58.9680 (1 inst); CustomOperator_E4M3_to_E4M3_2: 79.6320 (1 inst); CustomOperator_E4M3_to_E4M3_3: 73.9620 (1 inst); DirectToFP14b_E4M3_x_E4M3_UE8M0: 73.9620 (1 inst); FPNAdder: 491.0220 (1 inst); FixedFPTree_exp6_mant8_out8_vec4_range28_twostage: 1821.9600 (1 inst); SNPS_CLOCK_GATE: 1.8900 (1 inst)",1.149000e-03,"CustomOperator_E4M3_to_E4M3_0: 2.300e-05 (1 inst); CustomOperator_E4M3_to_E4M3_1: 2.300e-05 (1 inst); CustomOperator_E4M3_to_E4M3_2: 3.000e-05 (1 inst); CustomOperator_E4M3_to_E4M3_3: 2.840e-05 (1 inst); DirectToFP14b_E4M3_x_E4M3_UE8M0: 4.210e-05 (1 inst); FPNAdder: 1.910e-04 (1 inst); FixedFPTree_exp6_mant8_out8_vec4_range28_twostage: 8.020e-04 (1 inst); SNPS_CLOCK_GATE: 5.870e-07 (1 inst)",1.93,518.1
archIII_INT8xE4M3_UE8M0_V4,custom,archIII,INT8,E4M3,UE8M0,4,500,2257.290000,"CustomOperator_INT8_to_E4M3_0: 72.4500 (1 inst); CustomOperator_INT8_to_E4M3_1: 72.9540 (1 inst); CustomOperator_INT8_to_E4M3_2: 77.8680 (1 inst); CustomOperator_INT8_to_E4M3_3: 75.3480 (1 inst); DirectToFP14b_INT8_x_E4M3_UE8M0: 78.8760 (1 inst); FPNAdder: 485.4780 (1 inst); FixedFPTree_exp6_mant11_out11_vec4_range14_twostage: 1323.1260 (1 inst); SNPS_CLOCK_GATE: 1.8900 (1 inst)",1.088000e-03,"CustomOperator_INT8_to_E4M3_0: 3.170e-05 (1 inst); CustomOperator_INT8_to_E4M3_1: 3.210e-05 (1 inst); CustomOperator_INT8_to_E4M3_2: 3.410e-05 (1 inst); CustomOperator_INT8_to_E4M3_3: 3.290e-05 (1 inst); DirectToFP14b_INT8_x_E4M3_UE8M0: 4.740e-05 (1 inst); FPNAdder: 2.080e-04 (1 inst); FixedFPTree_exp6_mant11_out11_vec4_range14_twostage: 6.920e-04 (1 inst); SNPS_CLOCK_GATE: 5.930e-07 (1 inst)",1.93,518.1
archIII_INT8xE5M2_UE8M0_V4,custom,archIII,INT8,E5M2,UE8M0,4,500,3022.110000,"CustomOperator_INT8_to_E5M2_0: 59.0940 (1 inst); CustomOperator_INT8_to_E5M2_1: 59.5980 (1 inst); CustomOperator_INT8_to_E5M2_2: 65.2680 (1 inst); CustomOperator_INT8_to_E5M2_3: 69.4260 (1 inst); DirectToFP14b_INT8_x_E5M2_UE8M0: 84.2940 (1 inst); FPNAdder: 536.5080 (1 inst); FixedFPTree_exp7_mant10_out10_vec4_range29_twostage: 2066.5260 (1 inst); SNPS_CLOCK_GATE: 1.8900 (1 inst)",1.419000e-03,"CustomOperator_INT8_to_E5M2_0: 2.530e-05 (1 inst); CustomOperator_INT8_to_E5M2_1: 2.640e-05 (1 inst); CustomOperator_INT8_to_E5M2_2: 2.680e-05 (1 inst); CustomOperator_INT8_to_E5M2_3: 2.720e-05 (1 inst); DirectToFP14b_INT8_x_E5M2_UE8M0: 5.060e-05 (1 inst); FPNAdder: 2.270e-04 (1 inst); FixedFPTree_exp7_mant10_out10_vec4_range29_twostage: 1.020e-03 (1 inst); SNPS_CLOCK_GATE: 5.940e-07 (1 inst)",1.93,518.1
archII_INT8xE2M1_UE8M0_V4,custom,archII,INT8,E2M1,UE8M0,4,500,1078.938001,"CustomOperator_INT8_to_E2M1_0: 34.0200 (1 inst); CustomOperator_INT8_to_E2M1_1: 33.8940 (1 inst); CustomOperator_INT8_to_E2M1_2: 33.2640 (1 inst); CustomOperator_INT8_to_E2M1_3: 34.0200 (1 inst); DirectToFP14b_INT8_x_E2M1_UE8M0: 62.6220 (1 inst); FPNAdder: 405.5940 (1 inst); FixedFPTree_exp5_mant9_out9_vec4_range2_smallshift: 404.3340 (1 inst); SNPS_CLOCK_GATE: 1.8900 (1 inst)",5.169000e-04,"CustomOperator_INT8_to_E2M1_0: 1.220e-05 (1 inst); CustomOperator_INT8_to_E2M1_1: 1.200e-05 (1 inst); CustomOperator_INT8_to_E2M1_2: 1.170e-05 (1 inst); CustomOperator_INT8_to_E2M1_3: 1.190e-05 (1 inst); DirectToFP14b_INT8_x_E2M1_UE8M0: 3.580e-05 (1 inst); FPNAdder: 1.510e-04 (1 inst); FixedFPTree_exp5_mant9_out9_vec4_range2_smallshift: 2.730e-04 (1 inst); SNPS_CLOCK_GATE: 5.860e-07 (1 inst)",1.93,518.1
archII_INT8xE2M3_UE8M0_V4,custom,archII,INT8,E2M3,UE8M0,4,500,1272.347997,"CustomOperator_INT8_to_E2M3_0: 67.5360 (1 inst); CustomOperator_INT8_to_E2M3_1: 67.5360 (1 inst); CustomOperator_INT8_to_E2M3_2: 67.7880 (1 inst); CustomOperator_INT8_to_E2M3_3: 67.7880 (1 inst); DirectToFP14b_INT8_x_E2M3_UE8M0: 63.7560 (1 inst); FPNAdder: 406.7280 (1 inst); FixedFPTree_exp5_mant11_out11_vec4_range2_smallshift: 458.2620 (1 inst); SNPS_CLOCK_GATE: 1.8900 (1 inst)",6.478000e-04,"CustomOperator_INT8_to_E2M3_0: 2.780e-05 (1 inst); CustomOperator_INT8_to_E2M3_1: 2.760e-05 (1 inst); CustomOperator_INT8_to_E2M3_2: 2.760e-05 (1 inst); CustomOperator_INT8_to_E2M3_3: 2.780e-05 (1 inst); DirectToFP14b_INT8_x_E2M3_UE8M0: 3.660e-05 (1 inst); FPNAdder: 1.650e-04 (1 inst); FixedFPTree_exp5_mant11_out11_vec4_range2_smallshift: 3.250e-04 (1 inst); SNPS_CLOCK_GATE: 5.920e-07 (1 inst)",1.93,518.1
archI_INT8xINT8_UE4M4_V4,custom,archI,INT8,INT8,UE4M4,4,500,2780.568000,"CustomOperator_INT8_to_INT8_0: 190.1340 (1 inst); CustomOperator_INT8_to_INT8_1: 193.7880 (1 inst); CustomOperator_INT8_to_INT8_2: 190.1340 (1 inst); CustomOperator_INT8_to_INT8_3: 173.8800 (1 inst); FPNAdder: 623.7000 (1 inst); FixedFPTree_exp6_mant14_out14_vec4_range0_intonly: 521.6400 (1 inst); SNPS_CLOCK_GATE: 1.8900 (1 inst); ScaleAddition_INT8_to_INT8_scale_UE4M4: 542.0520 (1 inst); ScaleToFP14b_INT8_x_INT8_UE4M4: 269.2620 (1 inst)",1.724000e-03,"CustomOperator_INT8_to_INT8_0: 1.040e-04 (1 inst); CustomOperator_INT8_to_INT8_1: 1.030e-04 (1 inst); CustomOperator_INT8_to_INT8_2: 1.050e-04 (1 inst); CustomOperator_INT8_to_INT8_3: 9.470e-05 (1 inst); FPNAdder: 3.170e-04 (1 inst); FixedFPTree_exp6_mant14_out14_vec4_range0_intonly: 3.890e-04 (1 inst); SNPS_CLOCK_GATE: 6.020e-07 (1 inst); ScaleAddition_INT8_to_INT8_scale_UE4M4: 4.250e-04 (1 inst); ScaleToFP14b_INT8_x_INT8_UE4M4: 1.690e-04 (1 inst)",1.93,518.1
archI_INT8xINT8_UE5M3_V4,custom,archI,INT8,INT8,UE5M3,4,500,2728.782000,"CustomOperator_INT8_to_INT8_0: 188.8740 (1 inst); CustomOperator_INT8_to_INT8_1: 190.5120 (1 inst); CustomOperator_INT8_to_INT8_2: 197.5680 (1 inst); CustomOperator_INT8_to_INT8_3: 177.7860 (1 inst); FPNAdder: 592.3260 (1 inst); FixedFPTree_exp6_mant14_out14_vec4_range0_intonly: 541.1700 (1 inst); SNPS_CLOCK_GATE: 1.8900 (1 inst); ScaleAddition_INT8_to_INT8_scale_UE5M3: 492.6600 (1 inst); ScaleToFP14b_INT8_x_INT8_UE5M3: 266.4900 (1 inst)",1.692000e-03,"CustomOperator_INT8_to_INT8_0: 1.010e-04 (1 inst); CustomOperator_INT8_to_INT8_1: 1.050e-04 (1 inst); CustomOperator_INT8_to_INT8_2: 1.070e-04 (1 inst); CustomOperator_INT8_to_INT8_3: 9.430e-05 (1 inst); FPNAdder: 3.080e-04 (1 inst); FixedFPTree_exp6_mant14_out14_vec4_range0_intonly: 4.070e-04 (1 inst); SNPS_CLOCK_GATE: 5.850e-07 (1 inst); ScaleAddition_INT8_to_INT8_scale_UE5M3: 3.860e-04 (1 inst); ScaleToFP14b_INT8_x_INT8_UE5M3: 1.650e-04 (1 inst)",1.93,518.1
archI_INT8xINT8_UE6M2_V4,custom,archI,INT8,INT8,UE6M2,4,500,2289.798002,"CustomOperator_INT8_to_INT8_0: 170.9820 (1 inst); CustomOperator_INT8_to_INT8_1: 172.9980 (1 inst); CustomOperator_INT8_to_INT8_2: 174.7620 (1 inst); CustomOperator_INT8_to_INT8_3: 161.1540 (1 inst); FPNAdder: 504.2520 (1 inst); FixedFPTree_exp6_mant14_out14_vec4_range0_intonly: 471.3660 (1 inst); SNPS_CLOCK_GATE: 1.8900 (1 inst); ScaleAddition_INT8_to_INT8_scale_UE6M2: 333.5220 (1 inst); ScaleToFP14b_INT8_x_INT8_UE6M2: 224.7840 (1 inst)",1.382000e-03,"CustomOperator_INT8_to_INT8_0: 9.290e-05 (1 inst); CustomOperator_INT8_to_INT8_1: 9.330e-05 (1 inst); CustomOperator_INT8_to_INT8_2: 9.390e-05 (1 inst); CustomOperator_INT8_to_INT8_3: 8.770e-05 (1 inst); FPNAdder: 2.570e-04 (1 inst); FixedFPTree_exp6_mant14_out14_vec4_range0_intonly: 3.520e-04 (1 inst); SNPS_CLOCK_GATE: 5.910e-07 (1 inst); ScaleAddition_INT8_to_INT8_scale_UE6M2: 2.430e-04 (1 inst); ScaleToFP14b_INT8_x_INT8_UE6M2: 1.470e-04 (1 inst)",1.93,518.1
archI_INT8xINT8_UE7M1_V4,custom,archI,INT8,INT8,UE7M1,4,500,2122.344002,"CustomOperator_INT8_to_INT8_0: 169.9740 (1 inst); CustomOperator_INT8_to_INT8_1: 164.9340 (1 inst); CustomOperator_INT8_to_INT8_2: 171.9900 (1 inst); CustomOperator_INT8_to_INT8_3: 159.7680 (1 inst); FPNAdder: 509.5440 (1 inst); FixedFPTree_exp6_mant14_out14_vec4_range0_intonly: 454.2300 (1 inst); SNPS_CLOCK_GATE: 1.8900 (1 inst); ScaleAddition_INT8_to_INT8_scale_UE7M1: 217.0980 (1 inst); ScaleToFP14b_INT8_x_INT8_UE7M1: 201.8520 (1 inst)",1.237000e-03,"CustomOperator_INT8_to_INT8_0: 9.080e-05 (1 inst); CustomOperator_INT8_to_INT8_1: 9.100e-05 (1 inst); CustomOperator_INT8_to_INT8_2: 9.300e-05 (1 inst); CustomOperator_INT8_to_INT8_3: 8.670e-05 (1 inst); FPNAdder: 2.590e-04 (1 inst); FixedFPTree_exp6_mant14_out14_vec4_range0_intonly: 3.310e-04 (1 inst); SNPS_CLOCK_GATE: 5.970e-07 (1 inst); ScaleAddition_INT8_to_INT8_scale_UE7M1: 1.490e-04 (1 inst); ScaleToFP14b_INT8_x_INT8_UE7M1: 1.220e-04 (1 inst)",1.93,518.1
archI_INT8xINT8_UE8M0_V4,custom,archI,INT8,INT8,UE8M0,4,500,1542.870002,"CustomOperator_INT8_to_INT8_0: 147.0420 (1 inst); CustomOperator_INT8_to_INT8_1: 147.5460 (1 inst); CustomOperator_INT8_to_INT8_2: 146.1600 (1 inst); CustomOperator_INT8_to_INT8_3: 146.2860 (1 inst); DirectToFP14b_INT8_x_INT8_UE8M0: 73.2060 (1 inst); FPNAdder: 407.9880 (1 inst); FixedFPTree_exp6_mant14_out14_vec4_range0_intonly: 403.4520 (1 inst); SNPS_CLOCK_GATE: 1.8900 (1 inst)",8.512000e-04,"CustomOperator_INT8_to_INT8_0: 8.090e-05 (1 inst); CustomOperator_INT8_to_INT8_1: 8.110e-05 (1 inst); CustomOperator_INT8_to_INT8_2: 8.020e-05 (1 inst); CustomOperator_INT8_to_INT8_3: 8.010e-05 (1 inst); DirectToFP14b_INT8_x_INT8_UE8M0: 4.050e-05 (1 inst); FPNAdder: 1.800e-04 (1 inst); FixedFPTree_exp6_mant14_out14_vec4_range0_intonly: 2.980e-04 (1 inst); SNPS_CLOCK_GATE: 5.860e-07 (1 inst)",1.93,518.1
archIV_E5M2xE3M2_UE8M0_V4,custom,archIV,E5M2,E3M2,UE8M0,4,500,2466.197992,"CustomOperator_E5M2_to_E3M2_0: 40.9500 (1 inst); CustomOperator_E5M2_to_E3M2_1: 41.9580 (1 inst); CustomOperator_E5M2_to_E3M2_2: 41.0760 (1 inst); CustomOperator_E5M2_to_E3M2_3: 41.3280 (1 inst); FPNAdder: 462.2940 (1 inst); SNPS_CLOCK_GATE: 3.7800 (2 inst)",1.194000e-03,"CustomOperator_E5M2_to_E3M2_0: 1.370e-05 (1 inst); CustomOperator_E5M2_to_E3M2_1: 1.480e-05 (1 inst); CustomOperator_E5M2_to_E3M2_2: 1.420e-05 (1 inst); CustomOperator_E5M2_to_E3M2_3: 1.430e-05 (1 inst); FPNAdder: 1.960e-04 (1 inst); SNPS_CLOCK_GATE: 1.379e-06 (2 inst)",1.93,518.1
archIV_E5M2xE4M3_UE8M0_V4,custom,archIV,E5M2,E4M3,UE8M0,4,500,2883.257992,"CustomOperator_E5M2_to_E4M3_0: 59.3460 (1 inst); CustomOperator_E5M2_to_E4M3_1: 53.9280 (1 inst); CustomOperator_E5M2_to_E4M3_2: 62.8740 (1 inst); CustomOperator_E5M2_to_E4M3_3: 57.0780 (1 inst); FPNAdder: 479.0520 (1 inst); SNPS_CLOCK_GATE: 3.7800 (2 inst)",1.375000e-03,"CustomOperator_E5M2_to_E4M3_0: 1.950e-05 (1 inst); CustomOperator_E5M2_to_E4M3_1: 1.910e-05 (1 inst); CustomOperator_E5M2_to_E4M3_2: 2.140e-05 (1 inst); CustomOperator_E5M2_to_E4M3_3: 1.980e-05 (1 inst); FPNAdder: 2.110e-04 (1 inst); SNPS_CLOCK_GATE: 1.482e-06 (2 inst)",1.93,518.1
archIV_E5M2xE4M3_UE8M0_V8,custom,archIV,E5M2,E4M3,UE8M0,8,500,4115.411987,"CustomOperator_E5M2_to_E4M3_0: 50.5260 (1 inst); CustomOperator_E5M2_to_E4M3_1: 49.8960 (1 inst); CustomOperator_E5M2_to_E4M3_2: 50.2740 (1 inst); CustomOperator_E5M2_to_E4M3_3: 51.0300 (1 inst); CustomOperator_E5M2_to_E4M3_4: 49.1400 (1 inst); CustomOperator_E5M2_to_E4M3_5: 51.0300 (1 inst); CustomOperator_E5M2_to_E4M3_6: 50.7780 (1 inst); CustomOperator_E5M2_to_E4M3_7: 51.2820 (1 inst); FPNAdder: 497.4480 (1 inst); SNPS_CLOCK_GATE: 3.7800 (2 inst)",2.202000e-03,"CustomOperator_E5M2_to_E4M3_0: 1.620e-05 (1 inst); CustomOperator_E5M2_to_E4M3_1: 1.650e-05 (1 inst); CustomOperator_E5M2_to_E4M3_2: 1.570e-05 (1 inst); CustomOperator_E5M2_to_E4M3_3: 1.870e-05 (1 inst); CustomOperator_E5M2_to_E4M3_4: 1.570e-05 (1 inst); CustomOperator_E5M2_to_E4M3_5: 1.830e-05 (1 inst); CustomOperator_E5M2_to_E4M3_6: 1.800e-05 (1 inst); CustomOperator_E5M2_to_E4M3_7: 1.680e-05 (1 inst); FPNAdder: 2.250e-04 (1 inst); SNPS_CLOCK_GATE: 1.535e-06 (2 inst)",1.93,518.1
archIV_E5M2xE5M2_UE8M0_V4,custom,archIV,E5M2,E5M2,UE8M0,4,500,3469.913990,"CustomOperator_E5M2_to_E5M2_0: 48.6360 (1 inst); CustomOperator_E5M2_to_E5M2_1: 53.5500 (1 inst); CustomOperator_E5M2_to_E5M2_2: 46.7460 (1 inst); CustomOperator_E5M2_to_E5M2_3: 48.1320 (1 inst); FPNAdder: 534.8700 (1 inst); SNPS_CLOCK_GATE: 3.7800 (2 inst)",1.582000e-03,"CustomOperator_E5M2_to_E5M2_0: 1.600e-05 (1 inst); CustomOperator_E5M2_to_E5M2_1: 1.610e-05 (1 inst); CustomOperator_E5M2_to_E5M2_2: 1.550e-05 (1 inst); CustomOperator_E5M2_to_E5M2_3: 1.590e-05 (1 inst); FPNAdder: 2.180e-04 (1 inst); SNPS_CLOCK_GATE: 1.717e-06 (2 inst)",1.93,518.1
archIV_E5M2xE5M2_UE8M0_V8,custom,archIV,E5M2,E5M2,UE8M0,8,500,4900.895984,"CustomOperator_E5M2_to_E5M2_0: 47.7540 (1 inst); CustomOperator_E5M2_to_E5M2_1: 45.6120 (1 inst); CustomOperator_E5M2_to_E5M2_2: 46.3680 (1 inst); CustomOperator_E5M2_to_E5M2_3: 46.7460 (1 inst); CustomOperator_E5M2_to_E5M2_4: 46.8720 (1 inst); CustomOperator_E5M2_to_E5M2_5: 45.8640 (1 inst); CustomOperator_E5M2_to_E5M2_6: 45.8640 (1 inst); CustomOperator_E5M2_to_E5M2_7: 46.7460 (1 inst); FPNAdder: 533.3580 (1 inst); SNPS_CLOCK_GATE: 3.7800 (2 inst)",2.595000e-03,"CustomOperator_E5M2_to_E5M2_0: 1.530e-05 (1 inst); CustomOperator_E5M2_to_E5M2_1: 1.460e-05 (1 inst); CustomOperator_E5M2_to_E5M2_2: 1.490e-05 (1 inst); CustomOperator_E5M2_to_E5M2_3: 1.520e-05 (1 inst); CustomOperator_E5M2_to_E5M2_4: 1.490e-05 (1 inst); CustomOperator_E5M2_to_E5M2_5: 1.530e-05 (1 inst); CustomOperator_E5M2_to_E5M2_6: 1.450e-05 (1 inst); CustomOperator_E5M2_to_E5M2_7: 1.610e-05 (1 inst); FPNAdder: 2.420e-04 (1 inst); SNPS_CLOCK_GATE: 1.702e-06 (2 inst)",1.93,518.1
baseline_archII_E2M1xE2M1_UE8M0_V4,baseline,archII,E2M1,E2M1,UE8M0,4,500,978.642000,"CustomOperator_E2M1_to_E2M1_0: 9.4500 (1 inst); CustomOperator_E2M1_to_E2M1_1: 9.7020 (1 inst); CustomOperator_E2M1_to_E2M1_2: 9.0720 (1 inst); CustomOperator_E2M1_to_E2M1_3: 10.0800 (1 inst); DirectToFP14b_E2M1_x_E2M1_UE8M0: 53.5500 (1 inst); FPNAdder: 397.5300 (1 inst); FixedFPTree_exp4_mant4_out4_vec4_range4: 418.1940 (1 inst); SNPS_CLOCK_GATE: 1.8900 (1 inst)",3.570000e-04,"CustomOperator_E2M1_to_E2M1_0: 3.180e-06 (1 inst); CustomOperator_E2M1_to_E2M1_1: 3.060e-06 (1 inst); CustomOperator_E2M1_to_E2M1_2: 2.820e-06 (1 inst); CustomOperator_E2M1_to_E2M1_3: 3.180e-06 (1 inst); DirectToFP14b_E2M1_x_E2M1_UE8M0: 2.870e-05 (1 inst); FPNAdder: 1.200e-04 (1 inst); FixedFPTree_exp4_mant4_out4_vec4_range4: 1.880e-04 (1 inst); SNPS_CLOCK_GATE: 5.930e-07 (1 inst)",1.93,518.1
baseline_archII_E2M1xE2M3_UE8M0_V4,baseline,archII,E2M1,E2M3,UE8M0,4,500,1112.201999,"CustomOperator_E2M1_to_E2M3_0: 16.5060 (1 inst); CustomOperator_E2M1_to_E2M3_1: 17.2620 (1 inst); CustomOperator_E2M1_to_E2M3_2: 17.2620 (1 inst); CustomOperator_E2M1_to_E2M3_3: 20.4120 (1 inst); DirectToFP14b_E2M1_x_E2M3_UE8M0: 59.9760 (1 inst); FPNAdder: 409.2480 (1 inst); FixedFPTree_exp4_mant6_out6_vec4_range4: 500.7240 (1 inst); SNPS_CLOCK_GATE: 1.8900 (1 inst)",4.356000e-04,"CustomOperator_E2M1_to_E2M3_0: 5.410e-06 (1 inst); CustomOperator_E2M1_to_E2M3_1: 5.710e-06 (1 inst); CustomOperator_E2M1_to_E2M3_2: 5.540e-06 (1 inst); CustomOperator_E2M1_to_E2M3_3: 6.440e-06 (1 inst); DirectToFP14b_E2M1_x_E2M3_UE8M0: 3.350e-05 (1 inst); FPNAdder: 1.320e-04 (1 inst); FixedFPTree_exp4_mant6_out6_vec4_range4: 2.390e-04 (1 inst); SNPS_CLOCK_GATE: 5.860e-07 (1 inst)",1.93,518.1
baseline_archII_E2M3xE2M3_UE8M0_V4,baseline,archII,E2M3,E2M3,UE8M0,4,500,1264.157997,"CustomOperator_E2M3_to_E2M3_0: 38.0520 (1 inst); CustomOperator_E2M3_to_E2M3_1: 38.0520 (1 inst); CustomOperator_E2M3_to_E2M3_2: 38.4300 (1 inst); CustomOperator_E2M3_to_E2M3_3: 40.4460 (1 inst); DirectToFP14b_E2M3_x_E2M3_UE8M0: 58.7160 (1 inst); FPNAdder: 416.8080 (1 inst); FixedFPTree_exp4_mant8_out8_vec4_range4: 562.8420 (1 inst); SNPS_CLOCK_GATE: 1.8900 (1 inst)",5.430000e-04,"CustomOperator_E2M3_to_E2M3_0: 1.240e-05 (1 inst); CustomOperator_E2M3_to_E2M3_1: 1.260e-05 (1 inst); CustomOperator_E2M3_to_E2M3_2: 1.280e-05 (1 inst); CustomOperator_E2M3_to_E2M3_3: 1.320e-05 (1 inst); DirectToFP14b_E2M3_x_E2M3_UE8M0: 3.260e-05 (1 inst); FPNAdder: 1.570e-04 (1 inst); FixedFPTree_exp4_mant8_out8_vec4_range4: 2.930e-04 (1 inst); SNPS_CLOCK_GATE: 5.920e-07 (1 inst)",1.93,518.1
baseline_archIII_E3M2xE3M2_UE8M0_V4,baseline,archIII,E3M2,E3M2,UE8M0,4,500,1614.311999,"CustomOperator_E3M2_to_E3M2_0: 31.7520 (1 inst); CustomOperator_E3M2_to_E3M2_1: 34.1460 (1 inst); CustomOperator_E3M2_to_E3M2_2: 38.6820 (1 inst); CustomOperator_E3M2_to_E3M2_3: 36.0360 (1 inst); DirectToFP14b_E3M2_x_E3M2_UE8M0: 61.3620 (1 inst); FPNAdder: 455.8680 (1 inst); FixedFPTree_exp5_mant6_out6_vec4_range12: 885.2760 (1 inst); SNPS_CLOCK_GATE: 1.8900 (1 inst)",6.672000e-04,"CustomOperator_E3M2_to_E3M2_0: 1.180e-05 (1 inst); CustomOperator_E3M2_to_E3M2_1: 1.280e-05 (1 inst); CustomOperator_E3M2_to_E3M2_2: 1.280e-05 (1 inst); CustomOperator_E3M2_to_E3M2_3: 1.280e-05 (1 inst); DirectToFP14b_E3M2_x_E3M2_UE8M0: 3.380e-05 (1 inst); FPNAdder: 1.560e-04 (1 inst); FixedFPTree_exp5_mant6_out6_vec4_range12: 4.190e-04 (1 inst); SNPS_CLOCK_GATE: 5.940e-07 (1 inst)",1.93,518.1
baseline_archIII_E3M2xE4M3_UE8M0_V4,baseline,archIII,E3M2,E4M3,UE8M0,4,500,2309.328002,"CustomOperator_E3M2_to_E4M3_0: 41.0760 (1 inst); CustomOperator_E3M2_to_E4M3_1: 43.2180 (1 inst); CustomOperator_E3M2_to_E4M3_2: 60.3540 (1 inst); CustomOperator_E3M2_to_E4M3_3: 58.3380 (1 inst); DirectToFP14b_E3M2_x_E4M3_UE8M0: 68.1660 (1 inst); FPNAdder: 522.0180 (1 inst); FixedFPTree_exp6_mant7_out7_vec4_range20: 1441.9440 (1 inst); SNPS_CLOCK_GATE: 1.8900 (1 inst)",9.773000e-04,"CustomOperator_E3M2_to_E4M3_0: 1.650e-05 (1 inst); CustomOperator_E3M2_to_E4M3_1: 1.830e-05 (1 inst); CustomOperator_E3M2_to_E4M3_2: 2.140e-05 (1 inst); CustomOperator_E3M2_to_E4M3_3: 2.060e-05 (1 inst); DirectToFP14b_E3M2_x_E4M3_UE8M0: 3.700e-05 (1 inst); FPNAdder: 1.930e-04 (1 inst); FixedFPTree_exp6_mant7_out7_vec4_range20: 6.600e-04 (1 inst); SNPS_CLOCK_GATE: 5.940e-07 (1 inst)",1.93,518.1
baseline_archIII_E4M3xE4M3_UE8M0_V4,baseline,archIII,E4M3,E4M3,UE8M0,4,500,2807.532002,"CustomOperator_E4M3_to_E4M3_0: 55.8180 (1 inst); CustomOperator_E4M3_to_E4M3_1: 58.8420 (1 inst); CustomOperator_E4M3_to_E4M3_2: 79.3800 (1 inst); CustomOperator_E4M3_to_E4M3_3: 76.6080 (1 inst); DirectToFP14b_E4M3_x_E4M3_UE8M0: 81.2700 (1 inst); FPNAdder: 500.4720 (1 inst); FixedFPTree_exp6_mant8_out8_vec4_range28: 1880.4240 (1 inst); SNPS_CLOCK_GATE: 1.8900 (1 inst)",1.254000e-03,"CustomOperator_E4M3_to_E4M3_0: 2.130e-05 (1 inst); CustomOperator_E4M3_to_E4M3_1: 2.260e-05 (1 inst); CustomOperator_E4M3_to_E4M3_2: 2.980e-05 (1 inst); CustomOperator_E4M3_to_E4M3_3: 2.770e-05 (1 inst); DirectToFP14b_E4M3_x_E4M3_UE8M0: 4.760e-05 (1 inst); FPNAdder: 1.990e-04 (1 inst); FixedFPTree_exp6_mant8_out8_vec4_range28: 8.960e-04 (1 inst); SNPS_CLOCK_GATE: 5.920e-07 (1 inst)",1.93,518.1
baseline_archIII_INT8xE4M3_UE8M0_V4,baseline,archIII,INT8,E4M3,UE8M0,4,500,2322.053999,"CustomOperator_INT8_to_E4M3_0: 73.2060 (1 inst); CustomOperator_INT8_to_E4M3_1: 72.8280 (1 inst); CustomOperator_INT8_to_E4M3_2: 76.3560 (1 inst); CustomOperator_INT8_to_E4M3_3: 75.6000 (1 inst); DirectToFP14b_INT8_x_E4M3_UE8M0: 79.5060 (1 inst); FPNAdder: 478.8000 (1 inst); FixedFPTree_exp6_mant11_out11_vec4_range14: 1394.5680 (1 inst); SNPS_CLOCK_GATE: 1.8900 (1 inst)",1.096000e-03,"CustomOperator_INT8_to_E4M3_0: 3.130e-05 (1 inst); CustomOperator_INT8_to_E4M3_1: 3.070e-05 (1 inst); CustomOperator_INT8_to_E4M3_2: 3.200e-05 (1 inst); CustomOperator_INT8_to_E4M3_3: 3.180e-05 (1 inst); DirectToFP14b_INT8_x_E4M3_UE8M0: 4.650e-05 (1 inst); FPNAdder: 2.050e-04 (1 inst); FixedFPTree_exp6_mant11_out11_vec4_range14: 7.090e-04 (1 inst); SNPS_CLOCK_GATE: 5.910e-07 (1 inst)",1.93,518.1
baseline_archIII_INT8xE5M2_UE8M0_V4,baseline,archIII,INT8,E5M2,UE8M0,4,500,2980.026002,"CustomOperator_INT8_to_E5M2_0: 59.7240 (1 inst); CustomOperator_INT8_to_E5M2_1: 59.0940 (1 inst); CustomOperator_INT8_to_E5M2_2: 67.0320 (1 inst); CustomOperator_INT8_to_E5M2_3: 67.6620 (1 inst); DirectToFP14b_INT8_x_E5M2_UE8M0: 79.3800 (1 inst); FPNAdder: 534.1140 (1 inst); FixedFPTree_exp7_mant10_out10_vec4_range29: 2036.7900 (1 inst); SNPS_CLOCK_GATE: 1.8900 (1 inst)",1.449000e-03,"CustomOperator_INT8_to_E5M2_0: 2.520e-05 (1 inst); CustomOperator_INT8_to_E5M2_1: 2.460e-05 (1 inst); CustomOperator_INT8_to_E5M2_2: 2.520e-05 (1 inst); CustomOperator_INT8_to_E5M2_3: 2.700e-05 (1 inst); DirectToFP14b_INT8_x_E5M2_UE8M0: 4.710e-05 (1 inst); FPNAdder: 2.290e-04 (1 inst); FixedFPTree_exp7_mant10_out10_vec4_range29: 1.060e-03 (1 inst); SNPS_CLOCK_GATE: 5.930e-07 (1 inst)",1.93,518.1
baseline_archII_INT8xE2M1_UE8M0_V4,baseline,archII,INT8,E2M1,UE8M0,4,500,1227.491998,"CustomOperator_INT8_to_E2M1_0: 33.7680 (1 inst); CustomOperator_INT8_to_E2M1_1: 33.6420 (1 inst); CustomOperator_INT8_to_E2M1_2: 34.0200 (1 inst); CustomOperator_INT8_to_E2M1_3: 35.0280 (1 inst); DirectToFP14b_INT8_x_E2M1_UE8M0: 61.9920 (1 inst); FPNAdder: 405.9720 (1 inst); FixedFPTree_exp5_mant9_out9_vec4_range2: 551.8800 (1 inst); SNPS_CLOCK_GATE: 1.8900 (1 inst)",5.297000e-04,"CustomOperator_INT8_to_E2M1_0: 1.200e-05 (1 inst); CustomOperator_INT8_to_E2M1_1: 1.200e-05 (1 inst); CustomOperator_INT8_to_E2M1_2: 1.240e-05 (1 inst); CustomOperator_INT8_to_E2M1_3: 1.270e-05 (1 inst); DirectToFP14b_INT8_x_E2M1_UE8M0: 3.290e-05 (1 inst); FPNAdder: 1.520e-04 (1 inst); FixedFPTree_exp5_mant9_out9_vec4_range2: 2.860e-04 (1 inst); SNPS_CLOCK_GATE: 5.940e-07 (1 inst)",1.93,518.1
baseline_archII_INT8xE2M3_UE8M0_V4,baseline,archII,INT8,E2M3,UE8M0,4,500,1466.891997,"CustomOperator_INT8_to_E2M3_0: 74.4660 (1 inst); CustomOperator_INT8_to_E2M3_1: 74.5920 (1 inst); CustomOperator_INT8_to_E2M3_2: 75.8520 (1 inst); CustomOperator_INT8_to_E2M3_3: 67.9140 (1 inst); DirectToFP14b_INT8_x_E2M3_UE8M0: 63.3780 (1 inst); FPNAdder: 409.5000 (1 inst); FixedFPTree_exp5_mant11_out11_vec4_range2: 630.1260 (1 inst); SNPS_CLOCK_GATE: 1.8900 (1 inst)",6.837000e-04,"CustomOperator_INT8_to_E2M3_0: 2.990e-05 (1 inst); CustomOperator_INT8_to_E2M3_1: 3.000e-05 (1 inst); CustomOperator_INT8_to_E2M3_2: 3.040e-05 (1 inst); CustomOperator_INT8_to_E2M3_3: 2.770e-05 (1 inst); DirectToFP14b_INT8_x_E2M3_UE8M0: 3.610e-05 (1 inst); FPNAdder: 1.640e-04 (1 inst); FixedFPTree_exp5_mant11_out11_vec4_range2: 3.560e-04 (1 inst); SNPS_CLOCK_GATE: 5.900e-07 (1 inst)",1.93,518.1
baseline_archI_INT8xINT8_UE4M4_V4,baseline,archI,INT8,INT8,UE4M4,4,500,2780.568000,"CustomOperator_INT8_to_INT8_0: 190.1340 (1 inst); CustomOperator_INT8_to_INT8_1: 193.7880 (1 inst); CustomOperator_INT8_to_INT8_2: 190.1340 (1 inst); CustomOperator_INT8_to_INT8_3: 173.8800 (1 inst); FPNAdder: 623.7000 (1 inst); FixedFPTree_exp6_mant14_out14_vec4_range0: 521.6400 (1 inst); SNPS_CLOCK_GATE: 1.8900 (1 inst); ScaleAddition_INT8_to_INT8_scale_UE4M4: 542.0520 (1 inst); ScaleToFP14b_INT8_x_INT8_UE4M4: 269.2620 (1 inst)",1.724000e-03,"CustomOperator_INT8_to_INT8_0: 1.040e-04 (1 inst); CustomOperator_INT8_to_INT8_1: 1.030e-04 (1 inst); CustomOperator_INT8_to_INT8_2: 1.050e-04 (1 inst); CustomOperator_INT8_to_INT8_3: 9.470e-05 (1 inst); FPNAdder: 3.170e-04 (1 inst); FixedFPTree_exp6_mant14_out14_vec4_range0: 3.890e-04 (1 inst); SNPS_CLOCK_GATE: 6.020e-07 (1 inst); ScaleAddition_INT8_to_INT8_scale_UE4M4: 4.250e-04 (1 inst); ScaleToFP14b_INT8_x_INT8_UE4M4: 1.690e-04 (1 inst)",1.93,518.1
baseline_archI_INT8xINT8_UE5M3_V4,baseline,archI,INT8,INT8,UE5M3,4,500,2728.782000,"CustomOperator_INT8_to_INT8_0: 188.8740 (1 inst); CustomOperator_INT8_to_INT8_1: 190.5120 (1 inst); CustomOperator_INT8_to_INT8_2: 197.5680 (1 inst); CustomOperator_INT8_to_INT8_3: 177.7860 (1 inst); FPNAdder: 592.3260 (1 inst); FixedFPTree_exp6_mant14_out14_vec4_range0: 541.1700 (1 inst); SNPS_CLOCK_GATE: 1.8900 (1 inst); ScaleAddition_INT8_to_INT8_scale_UE5M3: 492.6600 (1 inst); ScaleToFP14b_INT8_x_INT8_UE5M3: 266.4900 (1 inst)",1.692000e-03,"CustomOperator_INT8_to_INT8_0: 1.010e-04 (1 inst); CustomOperator_INT8_to_INT8_1: 1.050e-04 (1 inst); CustomOperator_INT8_to_INT8_2: 1.070e-04 (1 inst); CustomOperator_INT8_to_INT8_3: 9.430e-05 (1 inst); FPNAdder: 3.080e-04 (1 inst); FixedFPTree_exp6_mant14_out14_vec4_range0: 4.070e-04 (1 inst); SNPS_CLOCK_GATE: 5.850e-07 (1 inst); ScaleAddition_INT8_to_INT8_scale_UE5M3: 3.860e-04 (1 inst); ScaleToFP14b_INT8_x_INT8_UE5M3: 1.650e-04 (1 inst)",1.93,518.1
baseline_archI_INT8xINT8_UE6M2_V4,baseline,archI,INT8,INT8,UE6M2,4,500,2289.798002,"CustomOperator_INT8_to_INT8_0: 170.9820 (1 inst); CustomOperator_INT8_to_INT8_1: 172.9980 (1 inst); CustomOperator_INT8_to_INT8_2: 174.7620 (1 inst); CustomOperator_INT8_to_INT8_3: 161.1540 (1 inst); FPNAdder: 504.2520 (1 inst); FixedFPTree_exp6_mant14_out14_vec4_range0: 471.3660 (1 inst); SNPS_CLOCK_GATE: 1.8900 (1 inst); ScaleAddition_INT8_to_INT8_scale_UE6M2: 333.5220 (1 inst); ScaleToFP14b_INT8_x_INT8_UE6M2: 224.7840 (1 inst)",1.382000e-03,"CustomOperator_INT8_to_INT8_0: 9.290e-05 (1 inst); CustomOperator_INT8_to_INT8_1: 9.330e-05 (1 inst); CustomOperator_INT8_to_INT8_2: 9.390e-05 (1 inst); CustomOperator_INT8_to_INT8_3: 8.770e-05 (1 inst); FPNAdder: 2.570e-04 (1 inst); FixedFPTree_exp6_mant14_out14_vec4_range0: 3.520e-04 (1 inst); SNPS_CLOCK_GATE: 5.910e-07 (1 inst); ScaleAddition_INT8_to_INT8_scale_UE6M2: 2.430e-04 (1 inst); ScaleToFP14b_INT8_x_INT8_UE6M2: 1.470e-04 (1 inst)",1.93,518.1
baseline_archI_INT8xINT8_UE7M1_V4,baseline,archI,INT8,INT8,UE7M1,4,500,2122.344002,"CustomOperator_INT8_to_INT8_0: 169.9740 (1 inst); CustomOperator_INT8_to_INT8_1: 164.9340 (1 inst); CustomOperator_INT8_to_INT8_2: 171.9900 (1 inst); CustomOperator_INT8_to_INT8_3: 159.7680 (1 inst); FPNAdder: 509.5440 (1 inst); FixedFPTree_exp6_mant14_out14_vec4_range0: 454.2300 (1 inst); SNPS_CLOCK_GATE: 1.8900 (1 inst); ScaleAddition_INT8_to_INT8_scale_UE7M1: 217.0980 (1 inst); ScaleToFP14b_INT8_x_INT8_UE7M1: 201.8520 (1 inst)",1.237000e-03,"CustomOperator_INT8_to_INT8_0: 9.080e-05 (1 inst); CustomOperator_INT8_to_INT8_1: 9.100e-05 (1 inst); CustomOperator_INT8_to_INT8_2: 9.300e-05 (1 inst); CustomOperator_INT8_to_INT8_3: 8.670e-05 (1 inst); FPNAdder: 2.590e-04 (1 inst); FixedFPTree_exp6_mant14_out14_vec4_range0: 3.310e-04 (1 inst); SNPS_CLOCK_GATE: 5.970e-07 (1 inst); ScaleAddition_INT8_to_INT8_scale_UE7M1: 1.490e-04 (1 inst); ScaleToFP14b_INT8_x_INT8_UE7M1: 1.220e-04 (1 inst)",1.93,518.1
baseline_archI_INT8xINT8_UE8M0_V4,baseline,archI,INT8,INT8,UE8M0,4,500,1542.870002,"CustomOperator_INT8_to_INT8_0: 147.0420 (1 inst); CustomOperator_INT8_to_INT8_1: 147.5460 (1 inst); CustomOperator_INT8_to_INT8_2: 146.1600 (1 inst); CustomOperator_INT8_to_INT8_3: 146.2860 (1 inst); DirectToFP14b_INT8_x_INT8_UE8M0: 73.2060 (1 inst); FPNAdder: 407.9880 (1 inst); FixedFPTree_exp6_mant14_out14_vec4_range0: 403.4520 (1 inst); SNPS_CLOCK_GATE: 1.8900 (1 inst)",8.512000e-04,"CustomOperator_INT8_to_INT8_0: 8.090e-05 (1 inst); CustomOperator_INT8_to_INT8_1: 8.110e-05 (1 inst); CustomOperator_INT8_to_INT8_2: 8.020e-05 (1 inst); CustomOperator_INT8_to_INT8_3: 8.010e-05 (1 inst); DirectToFP14b_INT8_x_INT8_UE8M0: 4.050e-05 (1 inst); FPNAdder: 1.800e-04 (1 inst); FixedFPTree_exp6_mant14_out14_vec4_range0: 2.980e-04 (1 inst); SNPS_CLOCK_GATE: 5.860e-07 (1 inst)",1.93,518.1
baseline_archIV_E5M2xE3M2_UE8M0_V4,baseline,archIV,E5M2,E3M2,UE8M0,4,500,9164.987999,"CustomOperator_E5M2_to_E3M2_0: 57.2040 (1 inst); CustomOperator_E5M2_to_E3M2_1: 55.8180 (1 inst); CustomOperator_E5M2_to_E3M2_2: 148.3020 (1 inst); CustomOperator_E5M2_to_E3M2_3: 132.8040 (1 inst); DirectToFP15b_E5M2_x_E3M2_UE8M0: 29.6100 (1 inst); FPNAdder_0: 1193.2200 (1 inst); FPNAdder_1: 1309.2660 (1 inst); FixedFPTree_exp7_mant6_out6_vec4_range35: 5839.7220 (1 inst); SNPS_CLOCK_GATE: 3.7800 (2 inst)",4.091000e-03,"CustomOperator_E5M2_to_E3M2_0: 1.740e-05 (1 inst); CustomOperator_E5M2_to_E3M2_1: 1.900e-05 (1 inst); CustomOperator_E5M2_to_E3M2_2: 4.220e-05 (1 inst); CustomOperator_E5M2_to_E3M2_3: 3.930e-05 (1 inst); DirectToFP15b_E5M2_x_E3M2_UE8M0: 2.160e-05 (1 inst); FPNAdder_0: 4.110e-04 (1 inst); FPNAdder_1: 4.120e-04 (1 inst); FixedFPTree_exp7_mant6_out6_vec4_range35: 2.990e-03 (1 inst); SNPS_CLOCK_GATE: 1.111e-06 (2 inst)",2.02,495.0
