config,elA,elW,scale,prodMantW,pMax,pMinVal,intBits,belowAnchor,aboveAnchor,sopFieldW,scaleMantProdW,scaledTermW,finalAdderW
E5M2_E5M2_UE8M0,E5M2,E5M2,UE8M0,6,31,-32,32,32,34,67,0,67,76
E5M2_E5M2_UE7M1,E5M2,E5M2,UE7M1,6,31,-32,32,32,34,67,4,71,80
E5M2_E5M2_UE6M2,E5M2,E5M2,UE6M2,6,31,-32,32,32,34,67,6,73,82
E5M2_E5M2_UE5M3,E5M2,E5M2,UE5M3,6,31,-32,32,32,34,67,8,75,84
E5M2_E5M2_UE4M4,E5M2,E5M2,UE4M4,6,31,-32,32,32,34,67,10,77,86
E5M2_E5M2_UE4M3,E5M2,E5M2,UE4M3,6,31,-32,32,32,34,67,8,75,84
E5M2_E4M3_UE8M0,E5M2,E4M3,UE8M0,7,24,-25,25,25,27,53,0,53,62
E5M2_E4M3_UE7M1,E5M2,E4M3,UE7M1,7,24,-25,25,25,27,53,4,57,66
E5M2_E4M3_UE6M2,E5M2,E4M3,UE6M2,7,24,-25,25,25,27,53,6,59,68
E5M2_E4M3_UE5M3,E5M2,E4M3,UE5M3,7,24,-25,25,25,27,53,8,61,70
E5M2_E4M3_UE4M4,E5M2,E4M3,UE4M4,7,24,-25,25,25,27,53,10,63,72
E5M2_E4M3_UE4M3,E5M2,E4M3,UE4M3,7,24,-25,25,25,27,53,8,61,70
E5M2_E3M2_UE8M0,E5M2,E3M2,UE8M0,6,20,-20,21,20,23,44,0,44,53
E5M2_E3M2_UE7M1,E5M2,E3M2,UE7M1,6,20,-20,21,20,23,44,4,48,57
E5M2_E3M2_UE6M2,E5M2,E3M2,UE6M2,6,20,-20,21,20,23,44,6,50,59
E5M2_E3M2_UE5M3,E5M2,E3M2,UE5M3,6,20,-20,21,20,23,44,8,52,61
E5M2_E3M2_UE4M4,E5M2,E3M2,UE4M4,6,20,-20,21,20,23,44,10,54,63
E5M2_E3M2_UE4M3,E5M2,E3M2,UE4M3,6,20,-20,21,20,23,44,8,52,61
E5M2_E2M3_UE8M0,E5M2,E2M3,UE8M0,7,18,-19,19,19,21,41,0,41,50
E5M2_E2M3_UE7M1,E5M2,E2M3,UE7M1,7,18,-19,19,19,21,41,4,45,54
E5M2_E2M3_UE6M2,E5M2,E2M3,UE6M2,7,18,-19,19,19,21,41,6,47,56
E5M2_E2M3_UE5M3,E5M2,E2M3,UE5M3,7,18,-19,19,19,21,41,8,49,58
E5M2_E2M3_UE4M4,E5M2,E2M3,UE4M4,7,18,-19,19,19,21,41,10,51,60
E5M2_E2M3_UE4M3,E5M2,E2M3,UE4M3,7,18,-19,19,19,21,41,8,49,58
E5M2_E2M1_UE8M0,E5M2,E2M1,UE8M0,5,18,-17,19,17,21,39,0,39,48
E5M2_E2M1_UE7M1,E5M2,E2M1,UE7M1,5,18,-17,19,17,21,39,4,43,52
E5M2_E2M1_UE6M2,E5M2,E2M1,UE6M2,5,18,-17,19,17,21,39,6,45,54
E5M2_E2M1_UE5M3,E5M2,E2M1,UE5M3,5,18,-17,19,17,21,39,8,47,56
E5M2_E2M1_UE4M4,E5M2,E2M1,UE4M4,5,18,-17,19,17,21,39,10,49,58
E5M2_E2M1_UE4M3,E5M2,E2M1,UE4M3,5,18,-17,19,17,21,39,8,47,56
E5M2_INT8_UE8M0,E5M2,INT8,UE8M0,11,17,-22,18,22,20,43,0,43,52
E5M2_INT8_UE7M1,E5M2,INT8,UE7M1,11,17,-22,18,22,20,43,4,47,56
E5M2_INT8_UE6M2,E5M2,INT8,UE6M2,11,17,-22,18,22,20,43,6,49,58
E5M2_INT8_UE5M3,E5M2,INT8,UE5M3,11,17,-22,18,22,20,43,8,51,60
E5M2_INT8_UE4M4,E5M2,INT8,UE4M4,11,17,-22,18,22,20,43,10,53,62
E5M2_INT8_UE4M3,E5M2,INT8,UE4M3,11,17,-22,18,22,20,43,8,51,60
E4M3_E4M3_UE8M0,E4M3,E4M3,UE8M0,8,17,-18,18,18,20,39,0,39,48
E4M3_E4M3_UE7M1,E4M3,E4M3,UE7M1,8,17,-18,18,18,20,39,4,43,52
E4M3_E4M3_UE6M2,E4M3,E4M3,UE6M2,8,17,-18,18,18,20,39,6,45,54
E4M3_E4M3_UE5M3,E4M3,E4M3,UE5M3,8,17,-18,18,18,20,39,8,47,56
E4M3_E4M3_UE4M4,E4M3,E4M3,UE4M4,8,17,-18,18,18,20,39,10,49,58
E4M3_E4M3_UE4M3,E4M3,E4M3,UE4M3,8,17,-18,18,18,20,39,8,47,56
E4M3_E3M2_UE8M0,E4M3,E3M2,UE8M0,7,13,-13,14,13,16,30,0,30,39
E4M3_E3M2_UE7M1,E4M3,E3M2,UE7M1,7,13,-13,14,13,16,30,4,34,43
E4M3_E3M2_UE6M2,E4M3,E3M2,UE6M2,7,13,-13,14,13,16,30,6,36,45
E4M3_E3M2_UE5M3,E4M3,E3M2,UE5M3,7,13,-13,14,13,16,30,8,38,47
E4M3_E3M2_UE4M4,E4M3,E3M2,UE4M4,7,13,-13,14,13,16,30,10,40,49
E4M3_E3M2_UE4M3,E4M3,E3M2,UE4M3,7,13,-13,14,13,16,30,8,38,47
E4M3_E2M3_UE8M0,E4M3,E2M3,UE8M0,8,11,-12,12,12,14,27,0,27,36
E4M3_E2M3_UE7M1,E4M3,E2M3,UE7M1,8,11,-12,12,12,14,27,4,31,40
E4M3_E2M3_UE6M2,E4M3,E2M3,UE6M2,8,11,-12,12,12,14,27,6,33,42
E4M3_E2M3_UE5M3,E4M3,E2M3,UE5M3,8,11,-12,12,12,14,27,8,35,44
E4M3_E2M3_UE4M4,E4M3,E2M3,UE4M4,8,11,-12,12,12,14,27,10,37,46
E4M3_E2M3_UE4M3,E4M3,E2M3,UE4M3,8,11,-12,12,12,14,27,8,35,44
E4M3_E2M1_UE8M0,E4M3,E2M1,UE8M0,6,11,-10,12,10,14,25,0,25,34
E4M3_E2M1_UE7M1,E4M3,E2M1,UE7M1,6,11,-10,12,10,14,25,4,29,38
E4M3_E2M1_UE6M2,E4M3,E2M1,UE6M2,6,11,-10,12,10,14,25,6,31,40
E4M3_E2M1_UE5M3,E4M3,E2M1,UE5M3,6,11,-10,12,10,14,25,8,33,42
E4M3_E2M1_UE4M4,E4M3,E2M1,UE4M4,6,11,-10,12,10,14,25,10,35,44
E4M3_E2M1_UE4M3,E4M3,E2M1,UE4M3,6,11,-10,12,10,14,25,8,33,42
E4M3_INT8_UE8M0,E4M3,INT8,UE8M0,12,10,-15,11,15,13,29,0,29,38
E4M3_INT8_UE7M1,E4M3,INT8,UE7M1,12,10,-15,11,15,13,29,4,33,42
E4M3_INT8_UE6M2,E4M3,INT8,UE6M2,12,10,-15,11,15,13,29,6,35,44
E4M3_INT8_UE5M3,E4M3,INT8,UE5M3,12,10,-15,11,15,13,29,8,37,46
E4M3_INT8_UE4M4,E4M3,INT8,UE4M4,12,10,-15,11,15,13,29,10,39,48
E4M3_INT8_UE4M3,E4M3,INT8,UE4M3,12,10,-15,11,15,13,29,8,37,46
E3M2_E3M2_UE8M0,E3M2,E3M2,UE8M0,6,9,-8,10,8,12,21,0,21,30
E3M2_E3M2_UE7M1,E3M2,E3M2,UE7M1,6,9,-8,10,8,12,21,4,25,34
E3M2_E3M2_UE6M2,E3M2,E3M2,UE6M2,6,9,-8,10,8,12,21,6,27,36
E3M2_E3M2_UE5M3,E3M2,E3M2,UE5M3,6,9,-8,10,8,12,21,8,29,38
E3M2_E3M2_UE4M4,E3M2,E3M2,UE4M4,6,9,-8,10,8,12,21,10,31,40
E3M2_E3M2_UE4M3,E3M2,E3M2,UE4M3,6,9,-8,10,8,12,21,8,29,38
E3M2_E2M3_UE8M0,E3M2,E2M3,UE8M0,7,7,-7,8,7,10,18,0,18,27
E3M2_E2M3_UE7M1,E3M2,E2M3,UE7M1,7,7,-7,8,7,10,18,4,22,31
E3M2_E2M3_UE6M2,E3M2,E2M3,UE6M2,7,7,-7,8,7,10,18,6,24,33
E3M2_E2M3_UE5M3,E3M2,E2M3,UE5M3,7,7,-7,8,7,10,18,8,26,35
E3M2_E2M3_UE4M4,E3M2,E2M3,UE4M4,7,7,-7,8,7,10,18,10,28,37
E3M2_E2M3_UE4M3,E3M2,E2M3,UE4M3,7,7,-7,8,7,10,18,8,26,35
E3M2_E2M1_UE8M0,E3M2,E2M1,UE8M0,5,7,-5,8,5,10,16,0,16,25
E3M2_E2M1_UE7M1,E3M2,E2M1,UE7M1,5,7,-5,8,5,10,16,4,20,29
E3M2_E2M1_UE6M2,E3M2,E2M1,UE6M2,5,7,-5,8,5,10,16,6,22,31
E3M2_E2M1_UE5M3,E3M2,E2M1,UE5M3,5,7,-5,8,5,10,16,8,24,33
E3M2_E2M1_UE4M4,E3M2,E2M1,UE4M4,5,7,-5,8,5,10,16,10,26,35
E3M2_E2M1_UE4M3,E3M2,E2M1,UE4M3,5,7,-5,8,5,10,16,8,24,33
E3M2_INT8_UE8M0,E3M2,INT8,UE8M0,11,6,-10,7,10,9,20,0,20,29
E3M2_INT8_UE7M1,E3M2,INT8,UE7M1,11,6,-10,7,10,9,20,4,24,33
E3M2_INT8_UE6M2,E3M2,INT8,UE6M2,11,6,-10,7,10,9,20,6,26,35
E3M2_INT8_UE5M3,E3M2,INT8,UE5M3,11,6,-10,7,10,9,20,8,28,37
E3M2_INT8_UE4M4,E3M2,INT8,UE4M4,11,6,-10,7,10,9,20,10,30,39
E3M2_INT8_UE4M3,E3M2,INT8,UE4M3,11,6,-10,7,10,9,20,8,28,37
E2M3_E2M3_UE8M0,E2M3,E2M3,UE8M0,8,5,-6,6,6,8,15,0,15,24
E2M3_E2M3_UE7M1,E2M3,E2M3,UE7M1,8,5,-6,6,6,8,15,4,19,28
E2M3_E2M3_UE6M2,E2M3,E2M3,UE6M2,8,5,-6,6,6,8,15,6,21,30
E2M3_E2M3_UE5M3,E2M3,E2M3,UE5M3,8,5,-6,6,6,8,15,8,23,32
E2M3_E2M3_UE4M4,E2M3,E2M3,UE4M4,8,5,-6,6,6,8,15,10,25,34
E2M3_E2M3_UE4M3,E2M3,E2M3,UE4M3,8,5,-6,6,6,8,15,8,23,32
E2M3_E2M1_UE8M0,E2M3,E2M1,UE8M0,6,5,-4,6,4,8,13,0,13,22
E2M3_E2M1_UE7M1,E2M3,E2M1,UE7M1,6,5,-4,6,4,8,13,4,17,26
E2M3_E2M1_UE6M2,E2M3,E2M1,UE6M2,6,5,-4,6,4,8,13,6,19,28
E2M3_E2M1_UE5M3,E2M3,E2M1,UE5M3,6,5,-4,6,4,8,13,8,21,30
E2M3_E2M1_UE4M4,E2M3,E2M1,UE4M4,6,5,-4,6,4,8,13,10,23,32
E2M3_E2M1_UE4M3,E2M3,E2M1,UE4M3,6,5,-4,6,4,8,13,8,21,30
E2M3_INT8_UE8M0,E2M3,INT8,UE8M0,12,4,-9,5,9,7,17,0,17,26
E2M3_INT8_UE7M1,E2M3,INT8,UE7M1,12,4,-9,5,9,7,17,4,21,30
E2M3_INT8_UE6M2,E2M3,INT8,UE6M2,12,4,-9,5,9,7,17,6,23,32
E2M3_INT8_UE5M3,E2M3,INT8,UE5M3,12,4,-9,5,9,7,17,8,25,34
E2M3_INT8_UE4M4,E2M3,INT8,UE4M4,12,4,-9,5,9,7,17,10,27,36
E2M3_INT8_UE4M3,E2M3,INT8,UE4M3,12,4,-9,5,9,7,17,8,25,34
E2M1_E2M1_UE8M0,E2M1,E2M1,UE8M0,4,5,-2,6,2,8,11,0,11,20
E2M1_E2M1_UE7M1,E2M1,E2M1,UE7M1,4,5,-2,6,2,8,11,4,15,24
E2M1_E2M1_UE6M2,E2M1,E2M1,UE6M2,4,5,-2,6,2,8,11,6,17,26
E2M1_E2M1_UE5M3,E2M1,E2M1,UE5M3,4,5,-2,6,2,8,11,8,19,28
E2M1_E2M1_UE4M4,E2M1,E2M1,UE4M4,4,5,-2,6,2,8,11,10,21,30
E2M1_E2M1_UE4M3,E2M1,E2M1,UE4M3,4,5,-2,6,2,8,11,8,19,28
E2M1_INT8_UE8M0,E2M1,INT8,UE8M0,10,4,-7,5,7,7,15,0,15,24
E2M1_INT8_UE7M1,E2M1,INT8,UE7M1,10,4,-7,5,7,7,15,4,19,28
E2M1_INT8_UE6M2,E2M1,INT8,UE6M2,10,4,-7,5,7,7,15,6,21,30
E2M1_INT8_UE5M3,E2M1,INT8,UE5M3,10,4,-7,5,7,7,15,8,23,32
E2M1_INT8_UE4M4,E2M1,INT8,UE4M4,10,4,-7,5,7,7,15,10,25,34
E2M1_INT8_UE4M3,E2M1,INT8,UE4M3,10,4,-7,5,7,7,15,8,23,32
INT8_INT8_UE8M0,INT8,INT8,UE8M0,16,3,-12,4,12,6,19,0,19,28
INT8_INT8_UE7M1,INT8,INT8,UE7M1,16,3,-12,4,12,6,19,4,23,32
INT8_INT8_UE6M2,INT8,INT8,UE6M2,16,3,-12,4,12,6,19,6,25,34
INT8_INT8_UE5M3,INT8,INT8,UE5M3,16,3,-12,4,12,6,19,8,27,36
INT8_INT8_UE4M4,INT8,INT8,UE4M4,16,3,-12,4,12,6,19,10,29,38
INT8_INT8_UE4M3,INT8,INT8,UE4M3,16,3,-12,4,12,6,19,8,27,36
