net,length_um
net49,285
net48,281.12
_0135_,245.74
_0180_,243.58
_1322_,230.77
net47,217.65
net44,205.635
net22,205.485
net33,182.74
net23,178.86
_1093_,177.88
_0441_,168.3
_1091_,159.96
_0523_,158.7
_0136_,155.72
_1188_,155.7
_1105_,153.23
net25,147.71
_0426_,146.76
_0482_,141.865
_1077_,141.64
_0315_,140.3
net66,140.12
_1249_,135.96
net45,135.6
_0768_,134.98
_1044_,132.5
_0501_,131.52
_0778_,131.2
net34,130.94
_1487_,130.74
_1483_,129.84
net82,129.48
_1320_,128.24
net52,128.21
net50,127.575
_0505_,124.11
net28,123.88
_0792_,122.66
net26,122.62
net29,122.32
_1101_,122.15
net13,121.37
net35,120.27
net30,119.56
_1107_,117.895
_0439_,117.64
_1111_,117.22
_0144_,116.3
_1323_,116.22
net24,115.42
_0181_,114.51
net31,114.4
net51,112.68
net27,111.82
_1192_,111.365
_0762_,111.23
_1222_,110.44
_1098_,110.1
_1264_,110.05
_1174_,109.08
_0137_,108.92
_1108_,108.71
_1080_,108.69
_1476_,108.12
_1412_,107.08
net32,106.795
_0122_,106.79
_1069_,106.58
_0504_,105.92
_1068_,104.66
_1196_,104.655
_1268_,103.88
_1500_,102.48
_1361_,102.25
net53,102.16
_0468_,101.24
net36,100.77
_1076_,99.66
_0446_,98.96
net8,98.1
net46,97.96
_0199_,97.84
_0243_,97.43
clknet_2_1__leaf_clock,97.4
_0401_,97.12
_1193_,95.39
_1219_,94.68
_1195_,94.52
_1290_,94.32
_1270_,93.84
_1103_,93.44
_1271_,93.08
_0775_,91.98
clknet_2_0__leaf_clock,90.96
_0993_,90.86
_1170_,90.22
net37,90.12
_0372_,89.36
_1417_,88.96
_1109_,88.465
_0647_,87.98
_0190_,87.88
_1146_,86.96
_0233_,86.02
_1358_,85.8
_0784_,85.66
_1090_,85.51
_1430_,85.23
_1491_,84.6
_1297_,84.28
_0514_,84.115
_0543_,84.04
_0226_,83.06
_1180_,83.05
_0349_,83.035
net38,82.94
_1511_,82.46
_0320_,81.575
_0193_,81.34
_1262_,81.32
_0305_,81.24
_1187_,80.1
clknet_0_clock,79.89
net42,79.8
_0220_,79.28
_1247_,77.78
_0476_,77.45
_0215_,77.34
clock,77.28
net39,76.66
_0040_,76.56
_0210_,76.15
_1173_,76.04
_0035_,75.56
_1343_,75.18
_1102_,75.015
_1294_,73.8
_1176_,73.74
_0438_,72.84
_1021_,72.64
_1204_,72.64
_1126_,71.74
_0169_,71.68
_1218_,71.55
_1215_,71.38
_0458_,71.23
_0425_,70.96
_0763_,70.8
_1106_,70.78
_1225_,70.68
_0168_,70.64
clknet_2_2__leaf_clock,70.14
net4,69.72
_0991_,69.66
clknet_2_3__leaf_clock,69.52
_1248_,69.14
_1273_,68.97
_0133_,68.84
_0447_,68.66
_0475_,68.43
_1115_,68.32
_0785_,68.22
net43,68.04
_0419_,67.85
_0429_,67.54
_0376_,67.28
_1418_,66.89
_1166_,66.7
_1244_,66.28
_1238_,66.23
_1388_,65.78
_0308_,65.72
_1490_,65.66
_1540_,65.66
net3,65.64
_1269_,65.4
_0936_,64.88
_1056_,64.78
_1084_,64.6
_1078_,64.34
_1259_,64.24
_0311_,64.02
net68,63.98
_1144_,63.64
_1112_,63.56
_0150_,63.32
_1082_,63.04
_1441_,63.03
_1003_,63.02
_1481_,62.97
net41,62.9
_0363_,62.8
_1447_,62.73
_0961_,62.64
_0302_,62.36
_1231_,62.18
_0236_,62.12
_0279_,61.92
_0509_,61.88
_1207_,61.58
_1128_,61.565
_1185_,61.46
_0197_,61.24
_0374_,60.98
_0295_,60.86
_1536_,60.58
_1011_,59.86
_1127_,59.6
_1099_,59.54
net40,59.435
_0202_,59.18
_1266_,59.1
net2,58.93
_0456_,58.7
_0188_,58.57
_1147_,58.52
net10,57.98
_1096_,57.76
_0465_,57.55
_0352_,57.48
net57,56.595
_0554_,55.84
_0205_,55.58
net9,55.44
_1285_,55.42
_1319_,55.16
_1256_,54.9
_1295_,54.52
_1440_,53.96
_0286_,53.82
net6,53.58
_1292_,53.38
_1092_,53.14
_0092_,53.04
net5,53.04
_1504_,53
net7,52.52
_1502_,52.46
_1023_,52.24
_1406_,51.82
_1190_,51.78
_0208_,51.24
_1017_,51.04
net1,50.98
_1467_,50.96
_0807_,50.74
_1088_,50.54
_0319_,50.52
_0091_,50.5
_0490_,50.34
_1168_,50.32
_1224_,50.28
_0063_,50.26
_0586_,49.72
_1428_,49.6
_1141_,49.58
_0667_,49.46
_0565_,49.3
_1251_,49.26
_1377_,48.82
_1064_,48.74
_1482_,48.72
_0317_,48.52
_0332_,48.34
_1016_,48.12
_1024_,47.82
_1529_,47.7
_0323_,47.66
_0166_,47.58
_0149_,47.54
_0772_,47.54
_0539_,46.98
_0836_,46.7
_0467_,46.6
_0326_,46.18
_1426_,45.9
_1191_,45.58
_1260_,45.52
net55,45.215
_1132_,45.1
_1113_,45.06
net73,45.06
_0864_,45
_0969_,44.86
_1289_,44.7
_0968_,44.5
_1165_,44.5
_0451_,44.45
_1287_,44.24
_1214_,44.2
_1421_,43.98
_0823_,43.83
_0071_,43.5
_0533_,43.44
_1533_,43.42
_1305_,43.1
_1280_,42.98
net58,42.92
_1306_,42.84
_1508_,42.74
_0526_,42.46
_1046_,42.235
_0920_,42
_0731_,41.72
_0998_,41.72
_0573_,41.68
_0963_,41.44
_0716_,41.42
_0140_,40.7
_0534_,40.64
_0830_,40.54
_1228_,40.52
_0065_,40.48
_1497_,40.4
_0967_,40.34
_0450_,40.32
net15,40.28
_0508_,40.12
_1019_,40.1
_1206_,39.74
_1510_,39.66
_0477_,39.615
_1310_,39.35
_0313_,39.14
_1326_,39.14
_0074_,39.08
_1018_,39.06
_1465_,39.04
_0518_,38.98
_1097_,38.78
_1182_,38.78
_0516_,38.66
_1272_,38.44
_1425_,38.36
_0054_,38.16
_0436_,38.1
_0344_,37.9
_1424_,37.74
_0561_,37.68
_1086_,37.62
_0449_,37.59
_1008_,37.52
_0312_,37.42
_1175_,37.4
_1507_,37.4
_0337_,37.32
_0809_,37.18
_1488_,36.9
net79,36.6
_0084_,36.2
_0099_,36.02
_0851_,35.94
_0733_,35.92
_1043_,35.84
_1283_,35.56
_0498_,35.46
_1315_,35.44
_0527_,35.22
_0097_,35.16
_0155_,35.14
_0126_,34.84
_0559_,34.84
_0845_,34.76
_1386_,34.58
_1495_,34.46
_0581_,34.34
_0112_,34.18
_0366_,34.16
_0408_,34.02
_0531_,33.96
_0265_,33.765
_1336_,33.68
_0865_,33.54
_1302_,33.52
_0719_,33.48
net56,33.38
_0777_,33.16
_0947_,33.14
_0120_,33.1
_1230_,33
_1178_,32.96
_1186_,32.92
_1236_,32.86
_0496_,32.84
_1004_,32.78
_0146_,32.7
_0428_,32.5
_0622_,32.48
_0935_,32.36
_0297_,32.24
net16,32.2
_1282_,32.14
_0520_,32.02
_0525_,32
_0971_,32
_0558_,31.92
_1276_,31.92
_0471_,31.8
_1400_,31.7
_0478_,31.665
_0256_,31.66
_0346_,31.3
_1081_,31.28
_0699_,31.26
_1460_,31.26
_1243_,31.2
_0853_,31.16
_0549_,31.08
_0887_,31.07
_0600_,31
_0464_,30.96
_0825_,30.74
_1041_,30.74
_0261_,30.7
_1194_,30.52
_0085_,30.48
_1154_,30.38
_0495_,30.34
_1181_,30.34
_1133_,30.2
_0145_,30.06
_1462_,29.92
_0242_,29.86
_1255_,29.7
_0134_,29.58
_1374_,29.56
net91,29.5
_0036_,29.48
_1143_,29.44
net17,29.28
_0536_,29.2
_0037_,29.14
_0462_,29.1
_0267_,28.8
_0485_,28.7
net21,28.56
_0473_,28.55
_0580_,28.48
_0941_,28.48
_0043_,28.44
_1159_,28.44
_0791_,28.4
_0060_,28.24
_1399_,28.24
_1125_,28.22
_0174_,28.18
_0735_,28.16
_1349_,28.16
_0249_,28.08
_1452_,27.96
_1422_,27.88
_0079_,27.82
_0943_,27.82
_0954_,27.78
net18,27.78
_0058_,27.66
_1329_,27.62
_0148_,27.555
_0538_,27.48
_1432_,27.48
_0512_,27.44
_0069_,27.36
_0108_,27.16
_0334_,27.14
_0385_,27.04
_0077_,27.02
_1131_,26.96
_0151_,26.84
_1431_,26.82
_1353_,26.68
_1253_,26.56
_1137_,26.54
_0544_,26.46
_0272_,26.38
_0546_,26.36
_0472_,26.34
_1396_,26.34
_0930_,26.26
_0360_,26.24
_0118_,26.22
_1009_,26.22
_1370_,26.22
_1347_,26.14
_0138_,26.1
_0353_,26.08
_1049_,26.02
_1389_,26
_0329_,25.84
_0049_,25.8
_1299_,25.75
_0591_,25.74
_1337_,25.68
_1202_,25.62
_0453_,25.56
_0125_,25.52
_0987_,25.5
_0167_,25.48
_0275_,25.465
_1539_,25.46
_0165_,25.34
_0674_,25.32
_1208_,25.3
_0444_,25.28
_0459_,25.28
_1042_,25.28
_0375_,25.27
_1114_,25.24
_0433_,25.16
_1474_,25.16
_0454_,25.1
_0481_,25.1
_1413_,25.04
_0170_,25
_0179_,24.92
_1033_,24.92
_1373_,24.88
_1083_,24.86
_0370_,24.84
_0237_,24.74
_1456_,24.7
_1391_,24.68
_1363_,24.63
_1454_,24.46
_0940_,24.44
net69,24.26
_1267_,23.96
_0480_,23.94
_0548_,23.74
_0088_,23.46
_0431_,23.42
_0952_,23.4
net20,23.38
_0877_,23.3
_1352_,23.24
_1524_,23.16
_0535_,23.14
_0720_,23.06
accumulator.state\[1\],22.9
_1345_,22.88
_0652_,22.86
_1199_,22.73
_0357_,22.72
_0766_,22.66
_0455_,22.62
_0774_,22.62
_1367_,22.61
_1263_,22.52
_1237_,22.5
_0550_,22.38
_0100_,22.36
_0486_,22.34
_1275_,22.34
_1161_,22.24
_1403_,22.24
_1449_,22.19
_1459_,22.18
net64,22.14
_0764_,22.1
_0871_,22.02
_0570_,22
_1364_,21.96
_0082_,21.92
net81,21.88
_0104_,21.78
_0593_,21.78
_0633_,21.78
accumulator.state\[0\],21.745
_0606_,21.62
_1402_,21.6
_0417_,21.52
_1189_,21.46
_1423_,21.46
net19,21.46
_0340_,21.34
_0957_,21.34
_0856_,21.26
_1313_,21.22
_0090_,21.16
_1401_,21.16
_0875_,21.08
_1028_,20.9
_1443_,20.82
_0999_,20.76
_0715_,20.74
_0639_,20.73
_1221_,20.7
_0973_,20.46
_1129_,20.24
_1052_,20.23
_0753_,20.2
_0896_,20.2
_0378_,20.16
_1158_,20.04
_1157_,20.025
_0630_,19.92
_0629_,19.86
_1117_,19.82
_1179_,19.8
_0728_,19.78
_1407_,19.78
_0047_,19.54
_0052_,19.52
_0354_,19.46
_0347_,19.44
_0086_,19.38
_0294_,19.38
_0048_,19.3
_0258_,19.3
_0706_,19.28
_0790_,19.275
_0571_,19.24
_0933_,19.2
_1308_,19.2
_1522_,19.2
net12,19.18
_1512_,19.12
_1360_,19.1
_1058_,19.045
_0738_,18.98
_1278_,18.98
_0948_,18.96
_1478_,18.96
_0721_,18.86
_0636_,18.84
_1201_,18.82
_1039_,18.76
_1530_,18.76
_1300_,18.74
_0153_,18.68
_0491_,18.67
_0916_,18.62
_1340_,18.54
_1156_,18.52
_0742_,18.48
_0681_,18.46
_1307_,18.46
_0649_,18.44
_1116_,18.44
_1036_,18.42
_0407_,18.4
_1355_,18.38
_1527_,18.32
_0250_,18.28
_0950_,18.16
_0585_,18.08
_1124_,18.08
_1145_,18.04
_0216_,18.02
_1448_,17.98
_1210_,17.94
_0663_,17.88
_0341_,17.86
_1435_,17.86
_1209_,17.78
_0139_,17.74
_1027_,17.66
_1469_,17.6
_0094_,17.56
_0245_,17.56
_0510_,17.5
_0661_,17.4
_0723_,17.4
_0817_,17.4
_1513_,17.4
_0131_,17.28
_0506_,17.28
_0333_,17.26
_0718_,17.24
_0415_,17.2
_0975_,17.16
_0594_,17.12
_0280_,17.1
_0398_,17.02
_1387_,17
_0553_,16.97
_0740_,16.96
_0685_,16.9
_0141_,16.86
_0440_,16.78
_0607_,16.78
_0810_,16.76
_0758_,16.75
_0080_,16.7
_0081_,16.7
_1151_,16.68
_1439_,16.68
_1025_,16.6
_0898_,16.56
_0746_,16.5
_0051_,16.44
_0769_,16.44
_0154_,16.4
_1217_,16.4
_1519_,16.4
_0564_,16.38
_0974_,16.38
_1014_,16.36
_0925_,16.24
_0330_,16.22
_0184_,16.2
_0679_,16.16
_0603_,16.08
_0878_,16.06
_0268_,16.04
_1030_,15.9
_0680_,15.88
_1153_,15.84
_0442_,15.8
_1162_,15.8
_1384_,15.8
_0557_,15.78
_0395_,15.76
_0752_,15.72
_0704_,15.68
_0976_,15.68
_1301_,15.68
_1473_,15.68
_1535_,15.66
_0683_,15.6
_0765_,15.6
_0924_,15.56
_0423_,15.52
_0540_,15.48
_1118_,15.46
_0277_,15.36
_0443_,15.34
net54,15.34
_0087_,15.32
_0813_,15.28
_0160_,15.26
_0121_,15.24
_0612_,15.24
_0798_,15.24
_0023_,15.175
_0970_,15.16
_0114_,15.14
_0804_,15.14
net65,15.14
_0244_,15.1
_1005_,15.1
_1136_,15.08
_1258_,15.06
_1378_,15.06
_1298_,15.02
_1477_,15.02
_1303_,14.95
_1362_,14.88
_0931_,14.82
_0412_,14.78
_1246_,14.76
_0566_,14.72
_1022_,14.7
_1314_,14.685
_0688_,14.68
_1073_,14.68
_0623_,14.66
_1333_,14.655
_0095_,14.615
_0262_,14.6
_1240_,14.56
io_accOut[2],14.54
_1415_,14.5
_0618_,14.42
_0173_,14.34
_1392_,14.3
_1293_,14.28
_0152_,14.19
_0983_,14.18
_1359_,14.17
_1061_,14.14
_1348_,14.14
_0749_,14.12
_1171_,14.1
_0664_,14.08
_0368_,14.07
_0846_,14.04
_0977_,14
io_accOut[13],13.99
_0469_,13.94
_1453_,13.94
_0882_,13.86
_1212_,13.84
_1227_,13.8
_0568_,13.72
_1006_,13.72
_0584_,13.68
_0754_,13.68
_0601_,13.66
_0158_,13.62
_0269_,13.56
_1172_,13.48
_1471_,13.46
_0396_,13.42
_0838_,13.42
_1034_,13.38
_1060_,13.38
_1472_,13.34
_0387_,13.3
_0434_,13.3
_0613_,13.3
_0551_,13.22
_0605_,13.22
_1420_,13.22
_0992_,13.18
_0393_,13.14
_0222_,13.12
_1234_,13.12
_1026_,13.1
_0789_,13.08
io_accOut[3],13.06
_0421_,13.04
_1010_,13.04
_1288_,13.04
_1344_,13.04
_1419_,13.04
net70,13.04
_0673_,13.02
_1169_,13.02
_0221_,13
_0284_,12.98
_1489_,12.98
_0577_,12.96
_0299_,12.92
_1442_,12.84
_1493_,12.76
_0911_,12.7
_0327_,12.68
_0391_,12.63
io_accOut[17],12.63
io_accOut[4],12.63
_0576_,12.58
_0105_,12.56
_0996_,12.56
_0227_,12.5
_1142_,12.5
_1149_,12.5
_0488_,12.42
_0781_,12.42
_0102_,12.36
_1468_,12.34
_1338_,12.28
_1327_,12.26
_0885_,12.24
_0907_,12.24
_0511_,12.18
_0290_,12.14
_0677_,12.12
_0895_,12.12
_1534_,12.12
_0820_,12.08
_1148_,12.08
_0711_,12.02
_1070_,12.02
_0171_,12
_0017_,11.985
_1094_,11.96
_1309_,11.96
_1445_,11.96
_0687_,11.94
_0906_,11.93
_0627_,11.92
_0850_,11.92
_0034_,11.9
_1053_,11.88
_1226_,11.88
_0130_,11.8
_0143_,11.76
_1365_,11.76
_1496_,11.74
_0805_,11.72
_1369_,11.72
_0815_,11.71
_0635_,11.7
_1458_,11.62
_0234_,11.6
_0858_,11.6
_0897_,11.56
_0855_,11.5
_1433_,11.5
_0410_,11.44
_0662_,11.435
io_inScaleA[6],11.41
_0921_,11.36
_1475_,11.35
_0780_,11.32
_0123_,11.22
_0616_,11.2
_0994_,11.2
_0632_,11.18
_1410_,11.16
_0979_,11.12
_0039_,11.08
_0978_,11.08
_1012_,11.08
_1381_,11.06
_0335_,10.96
_0068_,10.94
_1311_,10.94
_1035_,10.88
_0503_,10.86
_1032_,10.86
_0096_,10.82
_0107_,10.82
_1393_,10.82
_0418_,10.8
_0696_,10.8
net63,10.8
_0392_,10.78
_1211_,10.78
io_accOut[1],10.76
_0608_,10.74
_1139_,10.74
_0098_,10.72
_0342_,10.7
_0888_,10.7
_0937_,10.7
net90,10.7
_0494_,10.66
_1515_,10.66
_1220_,10.64
_0597_,10.62
_0786_,10.62
_0908_,10.6
_0018_,10.535
_0276_,10.5
_1232_,10.5
_1531_,10.5
_0560_,10.48
_0241_,10.44
_0889_,10.4
_0852_,10.38
_1411_,10.36
_0321_,10.32
_0744_,10.3
_0900_,10.3
_0358_,10.28
_0812_,10.28
_1286_,10.28
_0621_,10.2
_0918_,10.2
net60,10.2
_0914_,10.18
_0059_,10.16
_0917_,10.16
_0726_,10.12
_0750_,10.08
_0793_,10.08
io_inScaleA[3],10.07
_0232_,10.04
_0361_,10.04
_1457_,10.04
_0972_,10.02
_1325_,10
_0598_,9.96
_0767_,9.96
_1537_,9.96
_0736_,9.94
_1279_,9.94
_0350_,9.92
_1376_,9.92
_1532_,9.92
_0355_,9.9
_0497_,9.9
_0894_,9.9
_0701_,9.88
_1085_,9.88
_0638_,9.84
_0252_,9.82
_0089_,9.79
_0070_,9.74
_0669_,9.74
_0625_,9.7
_0644_,9.68
_0904_,9.68
_0530_,9.66
_0583_,9.58
_0859_,9.54
_0219_,9.52
_0829_,9.5
_0755_,9.48
_1470_,9.48
_0745_,9.46
_0579_,9.44
_1332_,9.44
_0042_,9.36
_0831_,9.36
_0860_,9.36
_1274_,9.36
net84,9.36
_0801_,9.3
_1312_,9.26
_0655_,9.24
_0722_,9.24
_1257_,9.24
_1494_,9.24
_0932_,9.16
_0093_,9.14
_1203_,9.12
_1375_,9.12
_1335_,9.1
_0129_,9.04
_0821_,9.04
net59,9.04
_0422_,9.02
_0944_,9
_0926_,8.88
_0939_,8.86
_0030_,8.845
_0430_,8.82
_0901_,8.82
_0291_,8.8
_0806_,8.78
_1328_,8.78
_0589_,8.76
_1055_,8.66
_1281_,8.64
_0230_,8.6
_0382_,8.575
_0078_,8.56
_0567_,8.56
_1062_,8.56
_0656_,8.54
_1216_,8.52
_0949_,8.5
io_accOut[29],8.5
io_accOut[30],8.5
net14,8.5
_0379_,8.48
_0381_,8.48
_1486_,8.48
_0057_,8.46
_0668_,8.46
_0913_,8.46
_0229_,8.44
_0645_,8.44
_0676_,8.4
_0884_,8.345
_0474_,8.34
_0861_,8.325
_0300_,8.32
_0934_,8.32
_1284_,8.32
_1382_,8.32
_1065_,8.3
_1250_,8.28
_0892_,8.27
_1138_,8.24
_0725_,8.22
_0770_,8.22
_0682_,8.2
_0730_,8.18
_0045_,8.16
_0115_,8.16
_0747_,8.14
_0056_,8.12
_0873_,8.12
_0965_,8.12
_0619_,8.1
_0834_,8.1
_0841_,8.1
_0872_,8.1
_0257_,8.08
_1183_,8.06
_1514_,8.06
_0734_,8.04
_0788_,8.04
_0886_,8.04
_0384_,8.02
_0575_,8.02
_1371_,8.02
_0990_,7.98
_1074_,7.98
_0799_,7.94
_1164_,7.94
_1404_,7.94
io_accOut[6],7.93
_0238_,7.9
_0835_,7.9
_0985_,7.9
_1000_,7.9
_0427_,7.86
_1066_,7.86
_0709_,7.79
io_accOut[10],7.79
_0185_,7.78
_0743_,7.78
_0811_,7.78
_1205_,7.76
_0271_,7.7
_1054_,7.7
_0657_,7.66
_0737_,7.66
_0106_,7.64
_0409_,7.64
_0064_,7.62
_0487_,7.6
_0615_,7.6
_0883_,7.58
_0194_,7.56
_0541_,7.56
_0666_,7.56
_1521_,7.56
_0142_,7.52
_0288_,7.52
_0819_,7.52
_0938_,7.52
_1444_,7.52
_0217_,7.47
_1072_,7.46
_0209_,7.44
_1040_,7.42
_1331_,7.4
io_inB[0],7.33
_0880_,7.32
_0903_,7.32
_0912_,7.32
_0960_,7.32
_1334_,7.32
_0367_,7.28
_0794_,7.26
_0958_,7.24
_0274_,7.22
_0394_,7.22
_0783_,7.22
net61,7.22
_0641_,7.2
_0076_,7.18
_0359_,7.18
_1239_,7.18
_1408_,7.18
_0620_,7.14
_0833_,7.14
_0982_,7.14
reset,7.13
_0757_,7.1
_0842_,7.08
_1104_,7.06
_1316_,7.06
_0929_,7.04
_0956_,7.04
_0712_,7.03
_0046_,7
_0500_,7
_0067_,6.98
_0808_,6.98
_1330_,6.98
_0599_,6.94
_0200_,6.92
_0218_,6.92
io_accOut[11],6.91
_0228_,6.86
_0399_,6.86
_0710_,6.86
_0626_,6.78
_0055_,6.76
_0826_,6.76
_0981_,6.76
_0869_,6.74
_0717_,6.72
_0759_,6.72
_0802_,6.72
_0832_,6.72
_0083_,6.66
_0483_,6.64
_0700_,6.64
_1479_,6.64
_0038_,6.62
_0405_,6.62
_0678_,6.6
_0714_,6.6
_1015_,6.6
_1390_,6.6
_0582_,6.54
_0073_,6.52
_0713_,6.52
_1001_,6.52
_1368_,6.52
_1517_,6.52
_0502_,6.5
_0587_,6.5
_1120_,6.5
_1484_,6.5
_0822_,6.48
_0562_,6.44
io_accOut[18],6.43
_0127_,6.42
_0955_,6.42
_0773_,6.4
_1167_,6.4
_1261_,6.4
_1163_,6.38
_0642_,6.36
_0113_,6.32
io_inB[1],6.31
io_resetAcc,6.31
_1067_,6.3
_0251_,6.28
_0515_,6.28
_0840_,6.28
_0995_,6.28
_1437_,6.28
_0186_,6.26
io_accOut[0],6.23
_0007_,6.225
_0816_,6.2
_0103_,6.18
_0119_,6.18
_0159_,6.18
_0254_,6.18
_0659_,6.18
_0776_,6.18
_0287_,6.16
_0289_,6.16
_0489_,6.14
_0703_,6.14
_1177_,6.14
io_inScaleA[1],6.09
io_inScaleA[7],6.09
_0061_,6.06
_0324_,6.06
_0400_,6.06
_0909_,6.06
_0966_,6.06
_1121_,6.06
_0411_,6.04
_0296_,6.02
_1047_,6.02
io_inScaleB[6],5.97
io_start,5.97
_0075_,5.94
_0386_,5.94
_0389_,5.94
_0800_,5.94
_0843_,5.94
_1059_,5.94
_0691_,5.9
_0881_,5.9
_0927_,5.9
_0470_,5.86
_0847_,5.86
_0414_,5.84
_0694_,5.82
_0760_,5.8
_0866_,5.8
_1100_,5.8
net76,5.8
io_accOut[12],5.75
io_accOut[14],5.75
io_accOut[23],5.75
io_accOut[28],5.75
io_accOut[7],5.75
io_accOut[8],5.75
_0053_,5.74
_0854_,5.74
_1123_,5.74
_0212_,5.72
_0839_,5.72
_0891_,5.72
net11,5.72
_0062_,5.68
_0175_,5.68
_0176_,5.68
_0959_,5.68
_1277_,5.68
_1380_,5.68
_0026_,5.675
_0298_,5.64
io_inScaleA[4],5.63
_0304_,5.6
_0460_,5.6
_0705_,5.6
_0013_,5.58
_0521_,5.56
_1461_,5.56
io_inA[3],5.41
_0195_,5.4
_0403_,5.4
_0479_,5.4
_0698_,5.4
_1405_,5.4
_1466_,5.4
_0779_,5.38
_0849_,5.38
_0010_,5.365
_0041_,5.36
_0905_,5.36
_1233_,5.36
_0437_,5.34
_0684_,5.34
_0848_,5.34
_0953_,5.34
_1394_,5.34
_1450_,5.34
_1110_,5.33
io_inA[0],5.29
io_inA[2],5.29
io_inScaleA[2],5.29
_0016_,5.28
_0293_,5.28
_0787_,5.26
_0899_,5.26
_1427_,5.26
_0336_,5.22
_0499_,5.22
_0588_,5.22
_0634_,5.22
_0660_,5.22
_1075_,5.22
_1242_,5.22
_1252_,5.22
_1265_,5.22
_0962_,5.16
_0101_,5.14
_0162_,5.14
_0211_,5.14
_0988_,5.14
_1213_,5.12
_1498_,5.12
net83,5.1
io_accOut[15],5.07
io_accOut[19],5.07
io_accOut[24],5.07
io_accOut[27],5.07
io_accOut[31],5.07
io_accOut[9],5.07
io_inScaleA[0],5.07
_0402_,5.06
_0519_,5.06
_0528_,5.06
_1057_,5.04
_0338_,5.02
_0675_,5.02
_0795_,5.02
_1324_,5.02
net71,5.02
io_inA[1],4.95
_0239_,4.94
_0247_,4.94
_0484_,4.94
_1372_,4.94
_1436_,4.94
_0156_,4.92
_0203_,4.92
_0610_,4.92
_0650_,4.92
_0876_,4.92
_0997_,4.92
_1385_,4.92
_0569_,4.9
_0556_,4.88
_0617_,4.88
_0492_,4.84
_0602_,4.82
_0771_,4.82
_1505_,4.82
_0031_,4.805
_0517_,4.8
_0532_,4.8
_0756_,4.8
_0814_,4.8
_0827_,4.8
_1351_,4.8
_1397_,4.8
_1506_,4.8
_0157_,4.76
_0192_,4.76
_1095_,4.76
io_accOut[16],4.73
io_accOut[25],4.73
io_accOut[5],4.73
_0837_,4.68
_0874_,4.68
_1455_,4.68
_1197_,4.66
io_inB[2],4.61
io_inScaleA[5],4.61
io_inScaleB[7],4.61
_0857_,4.6
_1451_,4.6
_0818_,4.56
_0690_,4.48
_0172_,4.46
_0187_,4.46
_0270_,4.46
_0371_,4.46
_0555_,4.46
_0643_,4.46
_0945_,4.46
_1050_,4.46
_0002_,4.445
_0309_,4.44
_0989_,4.44
_0009_,4.435
_1438_,4.42
_1501_,4.42
_1087_,4.39
io_accOut[20],4.39
io_accOut[21],4.39
io_accOut[22],4.39
io_accOut[26],4.39
io_done,4.39
_0022_,4.38
_0651_,4.36
_1245_,4.36
_0364_,4.34
_0572_,4.34
_0646_,4.34
_0923_,4.34
_1200_,4.34
_1464_,4.34
_1538_,4.34
net62,4.34
_1048_,4.32
_0020_,4.295
io_inB[3],4.27
_0416_,4.24
_0689_,4.24
_1122_,4.24
_0072_,4.22
_0373_,4.22
_0161_,4.2
_1254_,4.2
_1383_,4.2
_0008_,4.195
_0670_,4.14
_0435_,4.12
_1354_,4.1
_0182_,4.02
_0922_,4.02
_0310_,4
_0537_,4
_0596_,4
_0724_,4
_1434_,4
_1463_,4
_1485_,4
_0005_,3.985
_0448_,3.98
_0797_,3.98
_1321_,3.98
_0066_,3.88
_0281_,3.88
_0306_,3.88
_0671_,3.88
_0824_,3.88
_1045_,3.88
_1140_,3.88
_1414_,3.88
net80,3.88
_0000_,3.78
_0183_,3.76
_0727_,3.76
_1341_,3.76
net88,3.76
_0552_,3.64
_0879_,3.64
_0029_,3.605
_0452_,3.56
_0624_,3.56
_0964_,3.56
_0147_,3.54
_1223_,3.54
_1317_,3.54
_1525_,3.54
net67,3.54
_0654_,3.52
_0739_,3.52
_0196_,3.42
_0292_,3.42
_0466_,3.42
_0590_,3.42
_0592_,3.42
_0614_,3.42
_0828_,3.42
_1079_,3.42
_0201_,3.35
_0132_,3.32
_1063_,3.32
_0868_,3.3
_0001_,3.245
_0253_,3.22
_0628_,3.22
_0653_,3.22
_1518_,3.22
_0604_,3.2
_1296_,3.2
_0015_,3.145
_0264_,3.1
_0283_,3.1
_0390_,3.1
_0637_,3.1
_0686_,3.1
_0980_,3.1
_1184_,3.1
_0117_,3.08
_0303_,3.08
_0524_,3.08
_0631_,3.08
_0902_,3.08
_0946_,3.08
_1135_,3.08
_1229_,3.08
_1291_,3.08
_1342_,3.08
_1398_,3.08
_1409_,3.08
_1429_,3.08
_1492_,3.08
_1499_,3.08
net77,3.08
_0044_,3.06
_0406_,3.05
_0235_,3.03
_0027_,3.005
_0021_,2.98
_0050_,2.98
_0863_,2.98
_1528_,2.98
net72,2.98
_0033_,2.96
_0110_,2.96
_0351_,2.96
_0461_,2.96
_0640_,2.96
_0695_,2.96
_1002_,2.96
_1152_,2.96
_1366_,2.96
_0003_,2.945
_1007_,2.885
_0011_,2.86
_1356_,2.86
_0282_,2.76
_0343_,2.76
_0404_,2.76
_0463_,2.76
_0951_,2.76
_0693_,2.74
_1416_,2.72
_0012_,2.715
_0260_,2.64
_0273_,2.64
net87,2.64
net89,2.64
_0111_,2.62
_0164_,2.62
_0206_,2.62
_0542_,2.62
_0578_,2.62
_0665_,2.62
_0844_,2.62
_0915_,2.62
_1071_,2.62
_1516_,2.62
_1523_,2.62
net75,2.62
_0004_,2.605
_0246_,2.52
_0331_,2.52
_0595_,2.52
_0741_,2.52
_0867_,2.52
_1503_,2.52
net74,2.52
_0413_,2.5
_0420_,2.5
_1038_,2.5
_1150_,2.5
_0457_,2.4
_0574_,2.4
_0648_,2.4
_0285_,2.38
_0609_,2.38
_0024_,2.325
_0116_,2.3
_0377_,2.3
_0388_,2.3
_0432_,2.3
_1160_,2.3
_0259_,2.28
_0032_,2.255
_0191_,2.18
_0223_,2.18
_0383_,2.18
_0397_,2.18
_0672_,2.18
_0708_,2.18
_0796_,2.18
_0893_,2.18
_0910_,2.18
_0984_,2.18
_1379_,2.18
_0163_,2.16
_0224_,2.16
_0225_,2.16
_0240_,2.16
_0307_,2.16
_0314_,2.16
_0316_,2.16
_0318_,2.16
_0445_,2.16
_0545_,2.16
_0751_,2.16
_0919_,2.16
_1031_,2.16
_1395_,2.16
_1526_,2.16
_0019_,2.125
_0761_,2.11
_0109_,2.04
_0124_,2.04
_0178_,2.04
_0207_,2.04
_0231_,2.04
_0255_,2.04
_0325_,2.04
_0348_,2.04
_0507_,2.04
_0658_,2.04
_0782_,2.04
_0803_,2.04
_0870_,2.04
_1037_,2.04
_1089_,2.04
_1130_,2.04
_1241_,2.04
_1446_,2.04
_0006_,2.025
_0198_,1.94
_1119_,1.94
_0214_,1.915
_0025_,1.865
_0301_,1.84
_0362_,1.84
_0380_,1.84
_1235_,1.84
_1357_,1.84
_1480_,1.84
net78,1.84
_0692_,1.82
_0928_,1.82
_0266_,1.72
_0702_,1.72
_0890_,1.72
_1318_,1.72
_0128_,1.7
_0177_,1.7
_0189_,1.7
_0204_,1.7
_0563_,1.7
_0748_,1.7
_1029_,1.7
_1051_,1.7
net86,1.7
_0014_,1.685
_0028_,1.685
_1304_,1.48
_0278_,1.38
_0356_,1.38
_0369_,1.38
_1134_,1.38
_1350_,1.38
_1509_,1.38
_0345_,1.26
_0707_,1.26
_1339_,1.26
_0732_,1.14
_0522_,1.02
_0611_,1.02
_0248_,0.92
_0263_,0.92
_0322_,0.92
_0328_,0.92
_0339_,0.92
_0365_,0.92
_0424_,0.92
_0513_,0.92
_0529_,0.92
_0986_,0.92
_1013_,0.92
_1346_,0.92
_1520_,0.92
_0213_,0.8
_0697_,0.8
_0942_,0.8
_0493_,0.46
_0547_,0.46
_0729_,0.46
_0862_,0.46
_1020_,0.46
_1155_,0.46
_1198_,0.46
net85,0.46
